algorithm,params,run-id,accuracy,TPR,TNR,BCR,MCC,DIbinary,DIavgall,CV,B-accuracy,W-accuracy,H-accuracy,Race-accuracy,B-accuracy_over_W-accuracy,H-accuracy_over_W-accuracy,Race-accuracyRatio,diff:W-accuracytoB-accuracy,diff:W-accuracytoH-accuracy,Race-accuracyDiff,B-TPR,W-TPR,H-TPR,Race-TPR,B-TPR_over_W-TPR,H-TPR_over_W-TPR,Race-TPRRatio,diff:W-TPRtoB-TPR,diff:W-TPRtoH-TPR,Race-TPRDiff,B-TNR,W-TNR,H-TNR,Race-TNR,B-TNR_over_W-TNR,H-TNR_over_W-TNR,Race-TNRRatio,diff:W-TNRtoB-TNR,diff:W-TNRtoH-TNR,Race-TNRDiff,B-FPR,W-FPR,H-FPR,Race-FPR,B-FPR_over_W-FPR,H-FPR_over_W-FPR,Race-FPRRatio,diff:W-FPRtoB-FPR,diff:W-FPRtoH-FPR,Race-FPRDiff,B-FNR,W-FNR,H-FNR,Race-FNR,B-FNR_over_W-FNR,H-FNR_over_W-FNR,Race-FNRRatio,diff:W-FNRtoB-FNR,diff:W-FNRtoH-FNR,Race-FNRDiff,B-calibration+,W-calibration+,H-calibration+,Race-calibration+,B-calibration+_over_W-calibration+,H-calibration+_over_W-calibration+,Race-calibration+Ratio,diff:W-calibration+toB-calibration+,diff:W-calibration+toH-calibration+,Race-calibration+Diff,B-calibration-,W-calibration-,H-calibration-,Race-calibration-,B-calibration-_over_W-calibration-,H-calibration-_over_W-calibration-,Race-calibration-Ratio,diff:W-calibration-toB-calibration-,diff:W-calibration-toH-calibration-,Race-calibration-Diff,Subgroups: Race-accuracy,Subgroups: Race-TPR,Subgroups: Race-TNR,Subgroups: Race-BCR,Subgroups: Race-MCC,Subgroups: Race-DIbinary,Subgroups: Race-DIavgall,Subgroups: Race-CV,Subgroups: Race-calibration-,Subgroups: Race-calibration+
SVM,,0,0.7,0.5217391304347826,0.9411764705882353,0.7314578005115089,0.48858107185543154,1.037037037037037,1.037037037037037,1.0119047619047619,1.0,0.5714285714285714,1.0,0.8571428571428571,1.75,1.75,1.75,1.4285714285714286,1.4285714285714286,1.4285714285714286,1.0,0.42105263157894735,1.0,0.8070175438596491,2.375,2.375,2.375,1.5789473684210527,1.5789473684210527,1.5789473684210527,1.0,0.8888888888888888,1.0,0.9629629629629629,1.125,1.125,1.125,1.1111111111111112,1.1111111111111112,1.1111111111111112,0.0,0.11111111111111116,0.0,0.037037037037037056,0.0,0.0,1.0,0.8888888888888888,0.8888888888888888,0.8888888888888888,0.0,0.5789473684210527,0.0,0.1929824561403509,0.0,0.0,1.0,0.42105263157894735,0.42105263157894735,0.42105263157894735,1.0,0.8888888888888888,1.0,0.9629629629629629,1.125,1.125,1.125,1.1111111111111112,1.1111111111111112,1.1111111111111112,0.0,0.5789473684210527,0.0,0.1929824561403509,0.0,0.0,1.0,0.42105263157894735,0.42105263157894735,0.42105263157894735,0.6470588235294118,0.5,0.9285714285714286,0.7083333333333333,0.41666666666666663,1.5555555555555554,1.5555555555555554,1.1785714285714286,0.5789473684210527,0.9166666666666666
SVM,,1,0.775,1.0,0.6086956521739131,0.8043478260869565,0.6308671104414855,0.8962962962962965,0.88,0.9292929292929294,0.7,0.8636363636363636,0.625,0.7295454545454545,0.8105263157894737,0.7236842105263158,0.7671052631578947,0.8363636363636363,0.7613636363636364,0.7988636363636363,1.0,1.0,1.0,1.0,1.0,1.0,1.0,1.0,1.0,1.0,0.5,0.7,0.5714285714285714,0.5904761904761905,0.7142857142857143,0.8163265306122449,0.7653061224489797,0.8,0.8714285714285714,0.8357142857142857,0.5,0.30000000000000004,0.4285714285714286,0.40952380952380957,1.6666666666666665,1.4285714285714284,1.5476190476190474,1.2,1.1285714285714286,1.1642857142857141,0.0,0.0,0.0,1.0,1.0,1.0,1.0,1.0,1.0,1.0,0.5714285714285714,0.8,0.25,0.5404761904761904,0.7142857142857142,0.3125,0.5133928571428571,0.7714285714285714,0.44999999999999996,0.6107142857142857,0.0,0.0,0.0,1.0,1.0,1.0,1.0,1.0,1.0,1.0,0.8636363636363636,1.0,0.7,0.85,0.7483314773547883,1.0266666666666666,1.0266666666666666,1.018181818181818,0.0,0.8
SVM,,2,0.8,0.6521739130434783,1.0,0.8260869565217391,0.6659416347320274,0.9019607843137255,1.086111111111111,0.9616368286445013,0.8333333333333334,0.7391304347826086,1.0,0.8574879227053139,1.127450980392157,1.3529411764705883,1.2401960784313726,1.0942028985507246,1.2608695652173914,1.177536231884058,0.6,0.6,1.0,0.7333333333333334,1.0,1.6666666666666667,1.3333333333333335,1.0,1.4,1.2,1.0,1.0,1.0,1.0,1.0,1.0,1.0,1.0,1.0,1.0,0.0,0.0,0.0,1.0,1.0,1.0,1.0,1.0,1.0,1.0,0.4,0.4,0.0,0.26666666666666666,1.0,0.0,0.5,1.0,0.6,0.8,1.0,1.0,1.0,1.0,1.0,1.0,1.0,1.0,1.0,1.0,0.2222222222222222,0.42857142857142855,0.0,0.2169312169312169,0.5185185185185185,0.0,0.25925925925925924,0.7936507936507937,0.5714285714285714,0.6825396825396826,0.7857142857142857,0.6666666666666666,1.0,0.8333333333333333,0.6454972243679028,1.5333333333333332,1.5333333333333332,1.208695652173913,0.42857142857142855,1.0
SVM,,3,0.65,0.5238095238095238,0.7894736842105263,0.6566416040100251,0.32315280597061735,0.6060606060606061,0.6290584415584416,0.8266666666666667,0.625,0.6,0.8571428571428571,0.6940476190476191,1.0416666666666667,1.4285714285714286,1.2351190476190477,1.025,1.2571428571428571,1.1410714285714285,0.25,0.5333333333333333,1.0,0.5944444444444444,0.46875,1.875,1.171875,0.7166666666666667,1.4666666666666668,1.0916666666666668,1.0,0.7,0.8,0.8333333333333334,1.4285714285714286,1.142857142857143,1.2857142857142858,1.3,1.1,1.2000000000000002,0.0,0.30000000000000004,0.19999999999999996,0.16666666666666666,0.0,0.6666666666666664,0.3333333333333332,0.7,0.8999999999999999,0.7999999999999999,0.75,0.4666666666666667,0.0,0.4055555555555556,1.6071428571428572,0.0,0.8035714285714286,1.2833333333333332,0.5333333333333333,0.9083333333333332,1.0,0.7272727272727273,0.6666666666666666,0.797979797979798,1.375,0.9166666666666666,1.1458333333333333,1.2727272727272727,0.9393939393939393,1.106060606060606,0.42857142857142855,0.5,0.0,0.30952380952380953,0.8571428571428571,0.0,0.42857142857142855,0.9285714285714286,0.5,0.7142857142857143,0.65625,0.5882352941176471,0.7857142857142857,0.6607843137254902,0.3234770633596198,0.974025974025974,1.0,0.9885714285714285,0.5,0.75
SVM,,4,0.775,0.6470588235294118,0.8695652173913043,0.7583120204603581,0.5354418332318488,0.3095238095238095,0.21666666666666667,0.6813186813186813,0.9,0.6923076923076923,1.0,0.8641025641025641,1.3,1.4444444444444444,1.3722222222222222,1.2076923076923078,1.3076923076923077,1.2576923076923077,0.6666666666666666,0.6428571428571429,0.0,0.4365079365079365,1.037037037037037,0.0,0.5185185185185185,1.0238095238095237,0.3571428571428571,0.6904761904761905,1.0,0.75,1.0,0.9166666666666666,1.3333333333333333,1.3333333333333333,1.3333333333333333,1.25,1.25,1.25,0.0,0.25,0.0,0.08333333333333333,0.0,0.0,1.0,0.75,0.75,0.75,0.33333333333333337,0.3571428571428571,1.0,0.5634920634920635,0.9333333333333336,2.8000000000000003,1.866666666666667,0.9761904761904763,1.6428571428571428,1.3095238095238095,1.0,0.75,1.0,0.9166666666666666,1.3333333333333333,1.3333333333333333,1.3333333333333333,1.25,1.25,1.25,0.125,0.35714285714285715,0.0,0.16071428571428573,0.35,0.0,0.175,0.7678571428571428,0.6428571428571428,0.7053571428571428,0.75,0.6470588235294118,0.8421052631578947,0.7445820433436532,0.5009339514249774,0.43333333333333335,1.0,0.7384615384615385,0.35714285714285715,0.7857142857142857
SVM,,5,0.825,0.8888888888888888,0.7727272727272727,0.8308080808080808,0.6591241898175125,0.832579185520362,0.8231837606837609,0.9053708439897699,0.875,0.8695652173913043,0.6666666666666666,0.8037439613526569,1.00625,0.7666666666666666,0.8864583333333333,1.0054347826086958,0.7971014492753623,0.901268115942029,1.0,0.8571428571428571,1.0,0.9523809523809524,1.1666666666666667,1.1666666666666667,1.1666666666666667,1.1428571428571428,1.1428571428571428,1.1428571428571428,0.8333333333333334,0.8888888888888888,0.5714285714285714,0.7645502645502645,0.9375000000000001,0.6428571428571429,0.7901785714285715,0.9444444444444445,0.6825396825396826,0.8134920634920635,0.16666666666666663,0.11111111111111116,0.4285714285714286,0.23544973544973546,1.4999999999999991,3.857142857142856,2.6785714285714275,1.0555555555555554,1.3174603174603174,1.1865079365079363,0.0,0.1428571428571429,0.0,0.04761904761904764,0.0,0.0,1.0,0.8571428571428571,0.8571428571428571,0.8571428571428571,0.6666666666666666,0.9230769230769231,0.4,0.6632478632478632,0.7222222222222221,0.43333333333333335,0.5777777777777777,0.7435897435897435,0.4769230769230769,0.6102564102564102,0.0,0.2,0.0,0.06666666666666667,0.0,0.0,1.0,0.8,0.8,0.8,0.8709677419354839,0.875,0.8888888888888888,0.873015873015873,0.7416666666666666,0.9829059829059831,1.0,0.9903381642512078,0.2,0.9230769230769231
SVM,,6,0.65,0.38095238095238093,0.9473684210526315,0.6641604010025062,0.39262933655484844,0.5526315789473685,0.5369318181818182,0.8721804511278195,0.625,0.47619047619047616,1.0,0.7003968253968255,1.3125,2.1,1.70625,1.1488095238095237,1.5238095238095237,1.3363095238095237,0.25,0.3333333333333333,1.0,0.5277777777777778,0.75,3.0,1.875,0.9166666666666667,1.6666666666666667,1.2916666666666667,1.0,0.8333333333333334,1.0,0.9444444444444445,1.2,1.2,1.2,1.1666666666666665,1.1666666666666665,1.1666666666666665,0.0,0.16666666666666663,0.0,0.055555555555555546,0.0,0.0,1.0,0.8333333333333334,0.8333333333333334,0.8333333333333334,0.75,0.6666666666666667,0.0,0.47222222222222227,1.1249999999999998,0.0,0.5624999999999999,1.0833333333333333,0.33333333333333326,0.7083333333333333,1.0,0.8333333333333334,1.0,0.9444444444444445,1.2,1.2,1.2,1.1666666666666665,1.1666666666666665,1.1666666666666665,0.42857142857142855,0.6666666666666666,0.0,0.36507936507936506,0.6428571428571429,0.0,0.32142857142857145,0.7619047619047619,0.33333333333333337,0.5476190476190477,0.65625,0.4117647058823529,0.9333333333333333,0.6725490196078432,0.397705839334203,0.6363636363636365,1.0,0.8961038961038961,0.6666666666666666,0.875
SVM,,7,0.875,0.7894736842105263,0.9523809523809523,0.8709273182957393,0.7562051853647911,0.8181818181818182,0.9428571428571428,0.9191919191919192,1.0,0.7222222222222222,1.0,0.9074074074074074,1.3846153846153846,1.3846153846153846,1.3846153846153846,1.2777777777777777,1.2777777777777777,1.2777777777777777,1.0,0.6363636363636364,1.0,0.8787878787878788,1.5714285714285714,1.5714285714285714,1.5714285714285714,1.3636363636363638,1.3636363636363638,1.3636363636363638,1.0,0.8571428571428571,1.0,0.9523809523809524,1.1666666666666667,1.1666666666666667,1.1666666666666667,1.1428571428571428,1.1428571428571428,1.1428571428571428,0.0,0.1428571428571429,0.0,0.04761904761904764,0.0,0.0,1.0,0.8571428571428571,0.8571428571428571,0.8571428571428571,0.0,0.36363636363636365,0.0,0.12121212121212122,0.0,0.0,1.0,0.6363636363636364,0.6363636363636364,0.6363636363636364,1.0,0.875,1.0,0.9583333333333334,1.1428571428571428,1.1428571428571428,1.1428571428571428,1.125,1.125,1.125,0.0,0.4,0.0,0.13333333333333333,0.0,0.0,1.0,0.6,0.6,0.6,0.8484848484848485,0.7333333333333333,0.9444444444444444,0.8388888888888888,0.70156665199806,1.2857142857142858,1.2857142857142858,1.126984126984127,0.4,0.9166666666666666
SVM,,8,0.725,0.9333333333333333,0.6,0.7666666666666666,0.5270462766947297,1.1818181818181817,1.1818181818181819,1.1,0.4,0.9,0.7,0.6666666666666666,0.4444444444444445,0.7777777777777777,0.611111111111111,0.5,0.7999999999999999,0.6499999999999999,1.0,0.9090909090909091,1.0,0.9696969696969697,1.1,1.1,1.1,1.0909090909090908,1.0909090909090908,1.0909090909090908,0.25,0.8888888888888888,0.625,0.5879629629629629,0.28125,0.703125,0.4921875,0.36111111111111116,0.7361111111111112,0.5486111111111112,0.75,0.11111111111111116,0.375,0.41203703703703703,6.749999999999997,3.3749999999999987,5.062499999999998,1.6388888888888888,1.2638888888888888,1.4513888888888888,0.0,0.09090909090909094,0.0,0.030303030303030314,0.0,0.0,1.0,0.9090909090909091,0.9090909090909091,0.9090909090909091,0.25,0.9090909090909091,0.4,0.5196969696969697,0.275,0.44000000000000006,0.35750000000000004,0.34090909090909094,0.49090909090909096,0.41590909090909095,0.0,0.1111111111111111,0.0,0.037037037037037035,0.0,0.0,1.0,0.8888888888888888,0.8888888888888888,0.8888888888888888,0.9,0.9230769230769231,0.8888888888888888,0.898989898989899,0.7979797979797982,1.4545454545454546,1.4545454545454546,1.25,0.1111111111111111,0.9090909090909091
SVM,,9,0.925,0.8333333333333334,1.0,0.9166666666666667,0.8563488385776751,0.2081447963800905,0.22785547785547788,0.5524296675191817,1.0,0.8695652173913043,1.0,0.9565217391304347,1.1500000000000001,1.1500000000000001,1.1500000000000001,1.1304347826086958,1.1304347826086958,1.1304347826086958,1.0,0.8125,1.0,0.9375,1.2307692307692308,1.2307692307692308,1.2307692307692308,1.1875,1.1875,1.1875,1.0,1.0,1.0,1.0,1.0,1.0,1.0,1.0,1.0,1.0,0.0,0.0,0.0,1.0,1.0,1.0,1.0,1.0,1.0,1.0,0.0,0.1875,0.0,0.0625,0.0,0.0,1.0,0.8125,0.8125,0.8125,1.0,1.0,1.0,1.0,1.0,1.0,1.0,1.0,1.0,1.0,0.0,0.3,0.0,0.09999999999999999,0.0,0.0,1.0,0.7,0.7,0.7,0.9117647058823529,0.8235294117647058,1.0,0.9117647058823529,0.8366600265340756,0.2948717948717949,1.0,0.6014492753623188,0.3,1.0
GaussianNB,,0,0.95,0.9565217391304348,0.9411764705882353,0.948849104859335,0.8976982097186701,0.49122807017543857,0.49122807017543857,0.6547619047619047,1.0,0.9285714285714286,1.0,0.9761904761904763,1.0769230769230769,1.0769230769230769,1.0769230769230769,1.0714285714285714,1.0714285714285714,1.0714285714285714,1.0,0.9473684210526315,1.0,0.9824561403508771,1.0555555555555556,1.0555555555555556,1.0555555555555556,1.0526315789473686,1.0526315789473686,1.0526315789473686,1.0,0.8888888888888888,1.0,0.9629629629629629,1.125,1.125,1.125,1.1111111111111112,1.1111111111111112,1.1111111111111112,0.0,0.11111111111111116,0.0,0.037037037037037056,0.0,0.0,1.0,0.8888888888888888,0.8888888888888888,0.8888888888888888,0.0,0.052631578947368474,0.0,0.017543859649122823,0.0,0.0,1.0,0.9473684210526315,0.9473684210526315,0.9473684210526315,1.0,0.9473684210526315,1.0,0.9824561403508771,1.0555555555555556,1.0555555555555556,1.0555555555555556,1.0526315789473686,1.0526315789473686,1.0526315789473686,0.0,0.1111111111111111,0.0,0.037037037037037035,0.0,0.0,1.0,0.8888888888888888,0.8888888888888888,0.8888888888888888,0.9411764705882353,0.9545454545454546,0.9285714285714286,0.9392857142857143,0.8785714285714287,0.7368421052631579,1.0,0.8214285714285714,0.1111111111111111,0.9545454545454546
GaussianNB,,1,0.85,1.0,0.7391304347826086,0.8695652173913043,0.7391304347826088,0.4313725490196078,0.4205882352941177,0.5606060606060606,1.0,0.7727272727272727,0.875,0.8825757575757575,1.2941176470588236,1.1323529411764706,1.2132352941176472,1.2272727272727273,1.1022727272727273,1.1647727272727273,1.0,1.0,1.0,1.0,1.0,1.0,1.0,1.0,1.0,1.0,1.0,0.5,0.8571428571428571,0.7857142857142857,2.0,1.7142857142857142,1.8571428571428572,1.5,1.3571428571428572,1.4285714285714286,0.0,0.5,0.1428571428571429,0.2142857142857143,0.0,0.2857142857142858,0.1428571428571429,0.5,0.6428571428571429,0.5714285714285714,0.0,0.0,0.0,1.0,1.0,1.0,1.0,1.0,1.0,1.0,1.0,0.7058823529411765,0.5,0.7352941176470589,1.4166666666666665,0.7083333333333333,1.0625,1.2941176470588234,0.7941176470588235,1.0441176470588234,0.0,0.0,0.0,1.0,1.0,1.0,1.0,1.0,1.0,1.0,0.84375,1.0,0.6875,0.84375,0.7237468644557459,0.5176470588235295,1.0,0.6272727272727273,0.0,0.7619047619047619
GaussianNB,,2,0.925,0.8695652173913043,1.0,0.9347826086956521,0.8597269536210952,0.5798319327731093,0.506547619047619,0.7442455242966752,1.0,0.9565217391304348,0.6,0.8521739130434782,1.0454545454545454,0.6272727272727272,0.8363636363636363,1.0434782608695652,0.6434782608695652,0.8434782608695652,1.0,0.9333333333333333,0.3333333333333333,0.7555555555555555,1.0714285714285714,0.3571428571428571,0.7142857142857142,1.0666666666666667,0.3999999999999999,0.7333333333333333,1.0,1.0,1.0,1.0,1.0,1.0,1.0,1.0,1.0,1.0,0.0,0.0,0.0,1.0,1.0,1.0,1.0,1.0,1.0,1.0,0.0,0.06666666666666665,0.6666666666666667,0.24444444444444446,0.0,10.000000000000004,5.000000000000002,0.9333333333333333,1.6,1.2666666666666666,1.0,1.0,1.0,1.0,1.0,1.0,1.0,1.0,1.0,1.0,0.0,0.1111111111111111,0.5,0.20370370370370372,0.0,4.5,2.25,0.8888888888888888,1.3888888888888888,1.1388888888888888,0.9714285714285714,0.95,1.0,0.975,0.9437293044088434,0.6845238095238095,1.0,0.8079710144927537,0.23076923076923078,1.0
GaussianNB,,3,0.925,1.0,0.8421052631578947,0.9210526315789473,0.8583950752789522,0.5555555555555556,0.5456349206349206,0.68,1.0,0.88,1.0,0.96,1.1363636363636365,1.1363636363636365,1.1363636363636365,1.12,1.12,1.12,1.0,1.0,1.0,1.0,1.0,1.0,1.0,1.0,1.0,1.0,1.0,0.7,1.0,0.9,1.4285714285714286,1.4285714285714286,1.4285714285714286,1.3,1.3,1.3,0.0,0.30000000000000004,0.0,0.10000000000000002,0.0,0.0,1.0,0.7,0.7,0.7,0.0,0.0,0.0,1.0,1.0,1.0,1.0,1.0,1.0,1.0,1.0,0.8333333333333334,1.0,0.9444444444444445,1.2,1.2,1.2,1.1666666666666665,1.1666666666666665,1.1666666666666665,0.0,0.0,0.0,1.0,1.0,1.0,1.0,1.0,1.0,1.0,0.9090909090909091,1.0,0.8,0.9,0.8246211251235321,0.6944444444444444,1.0,0.78,0.0,0.8636363636363636
GaussianNB,,4,0.9,1.0,0.8260869565217391,0.9130434782608696,0.8177634499299953,0.43697478991596633,0.4205882352941176,0.6318681318681318,1.0,0.8846153846153846,0.75,0.8782051282051282,1.1304347826086958,0.8478260869565217,0.9891304347826088,1.1153846153846154,0.8653846153846154,0.9903846153846154,1.0,1.0,0.0,0.6666666666666666,1.0,0.0,0.5,1.0,0.0,0.5,1.0,0.75,1.0,0.9166666666666666,1.3333333333333333,1.3333333333333333,1.3333333333333333,1.25,1.25,1.25,0.0,0.25,0.0,0.08333333333333333,0.0,0.0,1.0,0.75,0.75,0.75,0.0,0.0,1.0,0.3333333333333333,1.0,0.0,0.5,1.0,2.0,1.5,1.0,0.8235294117647058,0.0,0.6078431372549019,1.2142857142857144,0.0,0.6071428571428572,1.1764705882352942,0.17647058823529416,0.6764705882352942,0.0,0.0,0.0,1.0,1.0,1.0,1.0,1.0,1.0,1.0,0.9166666666666666,1.0,0.8421052631578947,0.9210526315789473,0.8460434230488472,0.4588235294117647,1.0,0.6461538461538461,0.0,0.85
GaussianNB,,5,0.925,1.0,0.8636363636363636,0.9318181818181819,0.8603834844182798,0.4227941176470589,0.4192708333333333,0.5984654731457801,1.0,0.9130434782608695,0.8888888888888888,0.9339774557165862,1.0952380952380953,0.9735449735449736,1.0343915343915344,1.0869565217391304,0.9758454106280193,1.0314009661835748,1.0,1.0,1.0,1.0,1.0,1.0,1.0,1.0,1.0,1.0,1.0,0.7777777777777778,0.8571428571428571,0.8783068783068783,1.2857142857142856,1.1020408163265305,1.193877551020408,1.2222222222222223,1.0793650793650793,1.1507936507936507,0.0,0.2222222222222222,0.1428571428571429,0.1216931216931217,0.0,0.6428571428571431,0.32142857142857156,0.7777777777777778,0.9206349206349207,0.8492063492063493,0.0,0.0,0.0,1.0,1.0,1.0,1.0,1.0,1.0,1.0,1.0,0.875,0.6666666666666666,0.8472222222222222,1.1428571428571428,0.7619047619047619,0.9523809523809523,1.125,0.7916666666666666,0.9583333333333333,0.0,0.0,0.0,1.0,1.0,1.0,1.0,1.0,1.0,1.0,0.9354838709677419,1.0,0.8666666666666667,0.9333333333333333,0.8777074514725107,0.47916666666666663,1.0,0.6376811594202898,0.0,0.8888888888888888
GaussianNB,,6,0.975,1.0,0.9473684210526315,0.9736842105263157,0.950950166988625,0.4144736842105263,0.4474431818181818,0.5538847117794486,1.0,0.9523809523809523,1.0,0.9841269841269842,1.05,1.05,1.05,1.0476190476190477,1.0476190476190477,1.0476190476190477,1.0,1.0,1.0,1.0,1.0,1.0,1.0,1.0,1.0,1.0,1.0,0.8333333333333334,1.0,0.9444444444444445,1.2,1.2,1.2,1.1666666666666665,1.1666666666666665,1.1666666666666665,0.0,0.16666666666666663,0.0,0.055555555555555546,0.0,0.0,1.0,0.8333333333333334,0.8333333333333334,0.8333333333333334,0.0,0.0,0.0,1.0,1.0,1.0,1.0,1.0,1.0,1.0,1.0,0.9375,1.0,0.9791666666666666,1.0666666666666667,1.0666666666666667,1.0666666666666667,1.0625,1.0625,1.0625,0.0,0.0,0.0,1.0,1.0,1.0,1.0,1.0,1.0,1.0,0.96875,1.0,0.9333333333333333,0.9666666666666667,0.938872452190116,0.65625,1.0,0.7380952380952381,0.0,0.95
GaussianNB,,7,0.85,0.8947368421052632,0.8095238095238095,0.8521303258145363,0.7042606516290726,0.40909090909090906,0.44693877551020406,0.5404040404040404,1.0,0.7222222222222222,0.8571428571428571,0.8597883597883599,1.3846153846153846,1.1868131868131868,1.2857142857142856,1.2777777777777777,1.1349206349206349,1.2063492063492063,1.0,0.9090909090909091,0.75,0.8863636363636364,1.1,0.8250000000000001,0.9625000000000001,1.0909090909090908,0.8409090909090909,0.9659090909090908,1.0,0.42857142857142855,1.0,0.8095238095238096,2.3333333333333335,2.3333333333333335,2.3333333333333335,1.5714285714285714,1.5714285714285714,1.5714285714285714,0.0,0.5714285714285714,0.0,0.19047619047619047,0.0,0.0,1.0,0.4285714285714286,0.4285714285714286,0.4285714285714286,0.0,0.09090909090909094,0.25,0.11363636363636365,0.0,2.749999999999999,1.3749999999999996,0.9090909090909091,1.1590909090909092,1.0340909090909092,1.0,0.7142857142857143,1.0,0.9047619047619048,1.4,1.4,1.4,1.2857142857142856,1.2857142857142856,1.2857142857142856,0.0,0.25,0.25,0.16666666666666666,0.0,1.0,0.5,0.75,1.0,0.875,0.8484848484848485,0.9333333333333333,0.7777777777777778,0.8555555555555556,0.7111111111111111,0.5510204081632653,1.0,0.6507936507936507,0.25,0.7777777777777778
GaussianNB,,8,0.875,0.8,0.92,0.8600000000000001,0.7307981486470352,0.2727272727272727,0.2727272727272727,0.6,1.0,0.8,0.9,0.9,1.25,1.125,1.1875,1.2,1.1,1.15,1.0,0.8181818181818182,0.5,0.7727272727272728,1.222222222222222,0.611111111111111,0.9166666666666665,1.1818181818181817,0.6818181818181818,0.9318181818181817,1.0,0.7777777777777778,1.0,0.9259259259259259,1.2857142857142856,1.2857142857142856,1.2857142857142856,1.2222222222222223,1.2222222222222223,1.2222222222222223,0.0,0.2222222222222222,0.0,0.07407407407407407,0.0,0.0,1.0,0.7777777777777778,0.7777777777777778,0.7777777777777778,0.0,0.18181818181818177,0.5,0.22727272727272727,0.0,2.750000000000001,1.3750000000000004,0.8181818181818182,1.3181818181818183,1.0681818181818183,1.0,0.8181818181818182,1.0,0.9393939393939394,1.222222222222222,1.222222222222222,1.222222222222222,1.1818181818181817,1.1818181818181817,1.1818181818181817,0.0,0.2222222222222222,0.1111111111111111,0.1111111111111111,0.0,0.5,0.25,0.7777777777777778,0.8888888888888888,0.8333333333333333,0.8666666666666667,0.8461538461538461,0.8823529411764706,0.8642533936651584,0.7285067873303167,0.36363636363636365,1.0,0.6499999999999999,0.2222222222222222,0.8461538461538461
GaussianNB,,9,1.0,1.0,1.0,1.0,1.0,0.16911764705882354,0.18513257575757575,0.421994884910486,1.0,1.0,1.0,1.0,1.0,1.0,1.0,1.0,1.0,1.0,1.0,1.0,1.0,1.0,1.0,1.0,1.0,1.0,1.0,1.0,1.0,1.0,1.0,1.0,1.0,1.0,1.0,1.0,1.0,1.0,0.0,0.0,0.0,1.0,1.0,1.0,1.0,1.0,1.0,1.0,0.0,0.0,0.0,1.0,1.0,1.0,1.0,1.0,1.0,1.0,1.0,1.0,1.0,1.0,1.0,1.0,1.0,1.0,1.0,1.0,0.0,0.0,0.0,1.0,1.0,1.0,1.0,1.0,1.0,1.0,1.0,1.0,1.0,1.0,1.0,0.23958333333333331,1.0,0.47101449275362317,0.0,1.0
LR,,0,0.725,0.6956521739130435,0.7647058823529411,0.7301790281329923,0.45514956368175624,1.0,1.0,1.0,0.6666666666666666,0.6785714285714286,1.0,0.7817460317460317,0.9824561403508771,1.4736842105263157,1.2280701754385963,0.988095238095238,1.3214285714285714,1.1547619047619047,1.0,0.631578947368421,1.0,0.8771929824561404,1.5833333333333335,1.5833333333333335,1.5833333333333335,1.368421052631579,1.368421052631579,1.368421052631579,0.6,0.7777777777777778,1.0,0.7925925925925926,0.7714285714285714,1.2857142857142856,1.0285714285714285,0.8222222222222222,1.2222222222222223,1.0222222222222221,0.4,0.2222222222222222,0.0,0.2074074074074074,1.8000000000000003,0.0,0.9000000000000001,1.1777777777777778,0.7777777777777778,0.9777777777777779,0.0,0.368421052631579,0.0,0.12280701754385966,0.0,0.0,1.0,0.631578947368421,0.631578947368421,0.631578947368421,0.3333333333333333,0.8571428571428571,1.0,0.7301587301587302,0.3888888888888889,1.1666666666666667,0.7777777777777778,0.4761904761904763,1.1428571428571428,0.8095238095238095,0.0,0.5,0.0,0.16666666666666666,0.0,0.0,1.0,0.5,0.5,0.5,0.7352941176470589,0.6818181818181818,0.8333333333333334,0.7575757575757576,0.492365963917331,1.0,1.0,1.0,0.5,0.8823529411764706
LR,,1,0.7,0.8235294117647058,0.6086956521739131,0.7161125319693095,0.432225063938619,0.7857142857142857,0.7464285714285713,0.8636363636363636,0.5,0.7272727272727273,0.875,0.7007575757575758,0.6875,1.203125,0.9453125,0.7727272727272727,1.1477272727272727,0.9602272727272727,0.75,0.8333333333333334,1.0,0.8611111111111112,0.8999999999999999,1.2,1.0499999999999998,0.9166666666666666,1.1666666666666665,1.0416666666666665,0.3333333333333333,0.6,0.8571428571428571,0.5968253968253968,0.5555555555555556,1.4285714285714286,0.9920634920634921,0.7333333333333334,1.2571428571428571,0.9952380952380953,0.6666666666666667,0.4,0.1428571428571429,0.40317460317460324,1.6666666666666667,0.35714285714285726,1.011904761904762,1.2666666666666666,0.7428571428571429,1.0047619047619047,0.25,0.16666666666666663,0.0,0.13888888888888887,1.5000000000000004,0.0,0.7500000000000002,1.0833333333333335,0.8333333333333334,0.9583333333333335,0.42857142857142855,0.7142857142857143,0.5,0.5476190476190476,0.6,0.7,0.6499999999999999,0.7142857142857142,0.7857142857142857,0.75,0.3333333333333333,0.25,0.0,0.19444444444444442,1.3333333333333333,0.0,0.6666666666666666,1.0833333333333333,0.75,0.9166666666666666,0.7666666666666667,0.8461538461538461,0.7058823529411765,0.7760180995475113,0.5483270672886724,1.0999999999999999,1.0999999999999999,1.0636363636363635,0.2727272727272727,0.7142857142857143
LR,,2,0.75,0.6956521739130435,0.8235294117647058,0.7595907928388747,0.5139504035163749,0.9839572192513368,0.9409090909090909,0.9923273657289002,0.75,0.8260869565217391,0.4,0.658695652173913,0.9078947368421053,0.4842105263157895,0.6960526315789474,0.9239130434782609,0.5739130434782609,0.7489130434782609,0.8,0.7333333333333333,0.3333333333333333,0.6222222222222221,1.090909090909091,0.45454545454545453,0.7727272727272728,1.0666666666666669,0.6000000000000001,0.8333333333333335,0.7142857142857143,1.0,0.5,0.7380952380952381,0.7142857142857143,0.5,0.6071428571428572,0.7142857142857143,0.5,0.6071428571428572,0.2857142857142857,0.0,0.5,0.2619047619047619,0.0,0.0,1.0,1.2857142857142856,1.5,1.3928571428571428,0.19999999999999996,0.2666666666666667,0.6666666666666667,0.37777777777777777,0.7499999999999997,2.5,1.6249999999999998,0.9333333333333332,1.4,1.1666666666666665,0.6666666666666666,1.0,0.5,0.7222222222222222,0.6666666666666666,0.5,0.5833333333333333,0.6666666666666666,0.5,0.5833333333333333,0.16666666666666666,0.3333333333333333,0.6666666666666666,0.38888888888888884,0.5,2.0,1.25,0.8333333333333334,1.3333333333333333,1.0833333333333333,0.8260869565217391,0.75,1.0,0.8666666666666667,0.6992058987801012,1.0454545454545454,1.0454545454545454,1.0217391304347827,0.4,1.0
LR,,3,0.675,0.7142857142857143,0.631578947368421,0.6729323308270676,0.34717228318632354,0.7777777777777778,0.7738095238095238,0.8666666666666667,0.5,0.76,0.5714285714285714,0.6104761904761905,0.6578947368421053,0.7518796992481203,0.7048872180451128,0.74,0.8114285714285714,0.7757142857142857,0.5,0.8,0.5,0.6,0.625,0.625,0.625,0.7,0.7,0.7,0.5,0.7,0.6,0.6,0.7142857142857143,0.8571428571428572,0.7857142857142858,0.8,0.9,0.8500000000000001,0.5,0.30000000000000004,0.4,0.4000000000000001,1.6666666666666665,1.3333333333333333,1.5,1.2,1.1,1.15,0.5,0.19999999999999996,0.5,0.39999999999999997,2.5000000000000004,2.5000000000000004,2.5000000000000004,1.3,1.3,1.3,0.5,0.8,0.3333333333333333,0.5444444444444444,0.625,0.41666666666666663,0.5208333333333333,0.7,0.5333333333333332,0.6166666666666666,0.5,0.3,0.25,0.35000000000000003,1.6666666666666667,0.8333333333333334,1.25,1.2,0.95,1.075,0.76,0.8,0.7,0.75,0.5000000000000001,0.8333333333333334,1.0,0.9,0.35714285714285715,0.8
LR,,4,0.75,0.9411764705882353,0.6086956521739131,0.7749360613810742,0.5614802018328859,0.7222222222222222,0.6138888888888889,0.8076923076923077,0.7,0.7692307692307693,0.75,0.7397435897435898,0.9099999999999999,0.975,0.9424999999999999,0.9307692307692307,0.9807692307692307,0.9557692307692307,1.0,0.9285714285714286,0.0,0.6428571428571429,1.0769230769230769,0.0,0.5384615384615384,1.0714285714285714,0.0714285714285714,0.5714285714285714,0.5714285714285714,0.5833333333333334,1.0,0.7182539682539683,0.9795918367346937,1.7142857142857142,1.346938775510204,0.988095238095238,1.4166666666666665,1.2023809523809523,0.4285714285714286,0.41666666666666663,0.0,0.28174603174603174,1.0285714285714287,0.0,0.5142857142857143,1.0119047619047619,0.5833333333333334,0.7976190476190477,0.0,0.0714285714285714,1.0,0.35714285714285715,0.0,14.000000000000007,7.0000000000000036,0.9285714285714286,1.9285714285714286,1.4285714285714286,0.5,0.7222222222222222,0.0,0.40740740740740744,0.6923076923076923,0.0,0.34615384615384615,0.7777777777777778,0.2777777777777778,0.5277777777777778,0.0,0.125,0.0,0.041666666666666664,0.0,0.0,1.0,0.875,0.875,0.875,0.7692307692307693,0.9411764705882353,0.625,0.7767857142857143,0.5730922466510653,0.8666666666666667,1.0,0.9076923076923077,0.125,0.7222222222222222
LR,,5,0.825,0.8888888888888888,0.7727272727272727,0.8308080808080808,0.6591241898175125,0.5411764705882354,0.5430555555555555,0.70076726342711,0.875,0.782608695652174,0.8888888888888888,0.8488325281803543,1.1180555555555556,1.1358024691358024,1.126929012345679,1.0923913043478262,1.106280193236715,1.0993357487922706,1.0,0.8571428571428571,1.0,0.9523809523809524,1.1666666666666667,1.1666666666666667,1.1666666666666667,1.1428571428571428,1.1428571428571428,1.1428571428571428,0.8333333333333334,0.6666666666666666,0.8571428571428571,0.7857142857142857,1.2500000000000002,1.2857142857142858,1.267857142857143,1.1666666666666667,1.1904761904761905,1.1785714285714286,0.16666666666666663,0.33333333333333337,0.1428571428571429,0.2142857142857143,0.49999999999999983,0.42857142857142866,0.46428571428571425,0.8333333333333333,0.8095238095238095,0.8214285714285714,0.0,0.1428571428571429,0.0,0.04761904761904764,0.0,0.0,1.0,0.8571428571428571,0.8571428571428571,0.8571428571428571,0.6666666666666666,0.8,0.6666666666666666,0.7111111111111111,0.8333333333333333,0.8333333333333333,0.8333333333333333,0.8666666666666666,0.8666666666666666,0.8666666666666666,0.0,0.25,0.0,0.08333333333333333,0.0,0.0,1.0,0.75,0.75,0.75,0.8125,0.875,0.75,0.8125,0.629940788348712,0.575,1.0,0.7228260869565217,0.25,0.8
LR,,6,0.9,0.9523809523809523,0.8421052631578947,0.8972431077694235,0.8025727976093142,0.48355263157894735,0.48473011363636365,0.6065162907268171,0.875,0.9523809523809523,0.8181818181818182,0.8818542568542568,0.9187500000000001,0.8590909090909092,0.8889204545454547,0.9226190476190477,0.8658008658008659,0.8942099567099568,0.75,1.0,1.0,0.9166666666666666,0.75,1.0,0.875,0.75,1.0,0.875,1.0,0.8333333333333334,0.7777777777777778,0.8703703703703703,1.2,0.9333333333333333,1.0666666666666667,1.1666666666666665,0.9444444444444444,1.0555555555555554,0.0,0.16666666666666663,0.2222222222222222,0.12962962962962962,0.0,1.3333333333333335,0.6666666666666667,0.8333333333333334,1.0555555555555556,0.9444444444444444,0.25,0.0,0.0,0.08333333333333333,0.0,1.0,0.5,1.25,1.0,1.125,1.0,0.9375,0.5,0.8125,1.0666666666666667,0.5333333333333333,0.8,1.0625,0.5625,0.8125,0.2,0.0,0.0,0.06666666666666667,0.0,1.0,0.5,1.2,1.0,1.1,0.9523809523809523,1.0,0.9,0.9236842105263158,0.8838834764831845,0.4921875,1.0,0.6130952380952381,0.1,0.9473684210526315
LR,,7,0.725,0.8947368421052632,0.5714285714285714,0.7330827067669172,0.48806290948907144,0.7012987012987012,0.710204081632653,0.7676767676767676,0.7333333333333333,0.7222222222222222,0.7142857142857143,0.7232804232804232,1.0153846153846153,0.989010989010989,1.0021978021978022,1.011111111111111,0.9920634920634921,1.0015873015873016,1.0,0.9090909090909091,0.75,0.8863636363636364,1.1,0.8250000000000001,0.9625000000000001,1.0909090909090908,0.8409090909090909,0.9659090909090908,0.6363636363636364,0.42857142857142855,0.6666666666666666,0.5772005772005772,1.4848484848484849,1.5555555555555556,1.5202020202020203,1.2077922077922079,1.2380952380952381,1.222943722943723,0.36363636363636365,0.5714285714285714,0.33333333333333337,0.4227994227994228,0.6363636363636365,0.5833333333333335,0.609848484848485,0.7922077922077922,0.761904761904762,0.7770562770562771,0.0,0.09090909090909094,0.25,0.11363636363636365,0.0,2.749999999999999,1.3749999999999996,0.9090909090909091,1.1590909090909092,1.0340909090909092,0.5,0.7142857142857143,0.75,0.6547619047619048,0.7,1.05,0.875,0.7857142857142857,1.0357142857142856,0.9107142857142856,0.0,0.25,0.3333333333333333,0.19444444444444442,0.0,1.3333333333333333,0.6666666666666666,0.75,1.0833333333333333,0.9166666666666666,0.7272727272727273,0.9333333333333333,0.5555555555555556,0.7444444444444445,0.5163977794943222,0.7346938775510203,1.0,0.7936507936507936,0.2857142857142857,0.7222222222222222
LR,,8,0.775,0.9333333333333333,0.68,0.8066666666666666,0.5968491905238342,0.37499999999999994,0.375,0.5,0.8,0.75,0.8,0.7833333333333333,1.0666666666666667,1.0666666666666667,1.0666666666666667,1.05,1.05,1.05,1.0,1.0,0.5,0.8333333333333334,1.0,0.5,0.75,1.0,0.5,0.75,0.75,0.4444444444444444,0.875,0.6898148148148149,1.6875,1.96875,1.828125,1.3055555555555556,1.4305555555555556,1.3680555555555556,0.25,0.5555555555555556,0.125,0.3101851851851852,0.44999999999999996,0.22499999999999998,0.33749999999999997,0.6944444444444444,0.5694444444444444,0.6319444444444444,0.0,0.0,0.5,0.16666666666666666,1.0,0.0,0.5,1.0,1.5,1.25,0.5,0.6875,0.5,0.5625,0.7272727272727273,0.7272727272727273,0.7272727272727273,0.8125,0.8125,0.8125,0.0,0.0,0.125,0.041666666666666664,1.0,0.0,0.5,1.0,1.125,1.0625,0.7666666666666667,1.0,0.6470588235294118,0.7941176470588236,0.6183469424008424,0.5,1.0,0.6,0.08333333333333333,0.6875
LR,,9,0.875,0.9444444444444444,0.8181818181818182,0.8813131313131313,0.7597538371178961,0.5411764705882354,0.5343434343434343,0.70076726342711,0.7272727272727273,0.9565217391304348,0.8333333333333334,0.8390425999121652,0.7603305785123967,0.8712121212121212,0.815771349862259,0.7707509881422925,0.8768115942028986,0.8237812911725955,1.0,0.9375,1.0,0.9791666666666666,1.0666666666666667,1.0666666666666667,1.0666666666666667,1.0625,1.0625,1.0625,0.7,1.0,0.8,0.8333333333333334,0.7,0.8,0.75,0.7,0.8,0.75,0.30000000000000004,0.0,0.19999999999999996,0.16666666666666666,0.0,0.0,1.0,1.3,1.2,1.25,0.0,0.0625,0.0,0.020833333333333332,0.0,0.0,1.0,0.9375,0.9375,0.9375,0.25,1.0,0.5,0.5833333333333334,0.25,0.5,0.375,0.25,0.5,0.375,0.0,0.125,0.0,0.041666666666666664,0.0,0.0,1.0,0.875,0.875,0.875,0.9565217391304348,0.9411764705882353,1.0,0.96875,0.9057110466368398,0.5575757575757576,1.0,0.7114624505928854,0.125,1.0
DecisionTree,,0,1.0,1.0,1.0,1.0,1.0,0.49122807017543857,0.49122807017543857,0.6547619047619047,1.0,1.0,1.0,1.0,1.0,1.0,1.0,1.0,1.0,1.0,1.0,1.0,1.0,1.0,1.0,1.0,1.0,1.0,1.0,1.0,1.0,1.0,1.0,1.0,1.0,1.0,1.0,1.0,1.0,1.0,0.0,0.0,0.0,1.0,1.0,1.0,1.0,1.0,1.0,1.0,0.0,0.0,0.0,1.0,1.0,1.0,1.0,1.0,1.0,1.0,1.0,1.0,1.0,1.0,1.0,1.0,1.0,1.0,1.0,1.0,0.0,0.0,0.0,1.0,1.0,1.0,1.0,1.0,1.0,1.0,1.0,1.0,1.0,1.0,1.0,0.7368421052631579,1.0,0.8214285714285714,0.0,1.0
DecisionTree,,1,0.975,1.0,0.9565217391304348,0.9782608695652174,0.9504639091054835,0.4700854700854701,0.44423076923076926,0.6868686868686869,1.0,0.9545454545454546,1.0,0.9848484848484849,1.0476190476190477,1.0476190476190477,1.0476190476190477,1.0454545454545454,1.0454545454545454,1.0454545454545454,1.0,1.0,1.0,1.0,1.0,1.0,1.0,1.0,1.0,1.0,1.0,0.9,1.0,0.9666666666666667,1.1111111111111112,1.1111111111111112,1.1111111111111112,1.1,1.1,1.1,0.0,0.09999999999999998,0.0,0.033333333333333326,0.0,0.0,1.0,0.9,0.9,0.9,0.0,0.0,0.0,1.0,1.0,1.0,1.0,1.0,1.0,1.0,1.0,0.9230769230769231,1.0,0.9743589743589745,1.0833333333333333,1.0833333333333333,1.0833333333333333,1.0769230769230769,1.0769230769230769,1.0769230769230769,0.0,0.0,0.0,1.0,1.0,1.0,1.0,1.0,1.0,1.0,0.96875,1.0,0.9411764705882353,0.9705882352941176,0.9393364366277243,0.676923076923077,1.0,0.8090909090909091,0.0,0.9411764705882353
DecisionTree,,2,1.0,1.0,1.0,1.0,1.0,0.7215686274509804,0.7794444444444444,0.8184143222506394,1.0,1.0,1.0,1.0,1.0,1.0,1.0,1.0,1.0,1.0,1.0,1.0,1.0,1.0,1.0,1.0,1.0,1.0,1.0,1.0,1.0,1.0,1.0,1.0,1.0,1.0,1.0,1.0,1.0,1.0,0.0,0.0,0.0,1.0,1.0,1.0,1.0,1.0,1.0,1.0,0.0,0.0,0.0,1.0,1.0,1.0,1.0,1.0,1.0,1.0,1.0,1.0,1.0,1.0,1.0,1.0,1.0,1.0,1.0,1.0,0.0,0.0,0.0,1.0,1.0,1.0,1.0,1.0,1.0,1.0,1.0,1.0,1.0,1.0,1.0,0.9199999999999999,1.0,0.9478260869565217,0.0,1.0
DecisionTree,,3,0.975,0.9523809523809523,1.0,0.9761904761904762,0.9511897312113419,0.7142857142857143,0.7015306122448979,0.84,1.0,0.96,1.0,0.9866666666666667,1.0416666666666667,1.0416666666666667,1.0416666666666667,1.04,1.04,1.04,1.0,0.9333333333333333,1.0,0.9777777777777779,1.0714285714285714,1.0714285714285714,1.0714285714285714,1.0666666666666667,1.0666666666666667,1.0666666666666667,1.0,1.0,1.0,1.0,1.0,1.0,1.0,1.0,1.0,1.0,0.0,0.0,0.0,1.0,1.0,1.0,1.0,1.0,1.0,1.0,0.0,0.06666666666666665,0.0,0.022222222222222216,0.0,0.0,1.0,0.9333333333333333,0.9333333333333333,0.9333333333333333,1.0,1.0,1.0,1.0,1.0,1.0,1.0,1.0,1.0,1.0,0.0,0.09090909090909091,0.0,0.030303030303030304,0.0,0.0,1.0,0.9090909090909091,0.9090909090909091,0.9090909090909091,0.9696969696969697,0.9473684210526315,1.0,0.9736842105263157,0.9403246919632546,0.8928571428571428,1.0,0.94,0.09090909090909091,1.0
DecisionTree,,4,1.0,1.0,1.0,1.0,1.0,0.3979591836734694,0.2785714285714286,0.6758241758241759,1.0,1.0,1.0,1.0,1.0,1.0,1.0,1.0,1.0,1.0,1.0,1.0,0.0,0.6666666666666666,1.0,0.0,0.5,1.0,0.0,0.5,1.0,1.0,1.0,1.0,1.0,1.0,1.0,1.0,1.0,1.0,0.0,0.0,0.0,1.0,1.0,1.0,1.0,1.0,1.0,1.0,0.0,0.0,1.0,0.3333333333333333,1.0,0.0,0.5,1.0,2.0,1.5,1.0,1.0,1.0,1.0,1.0,1.0,1.0,1.0,1.0,1.0,0.0,0.0,0.0,1.0,1.0,1.0,1.0,1.0,1.0,1.0,1.0,1.0,1.0,1.0,1.0,0.5571428571428572,1.0,0.7615384615384615,0.0,1.0
DecisionTree,,5,0.975,1.0,0.9545454545454546,0.9772727272727273,0.950950166988625,0.3607843137254902,0.36203703703703705,0.5831202046035806,1.0,0.9565217391304348,1.0,0.9855072463768115,1.0454545454545454,1.0454545454545454,1.0454545454545454,1.0434782608695652,1.0434782608695652,1.0434782608695652,1.0,1.0,1.0,1.0,1.0,1.0,1.0,1.0,1.0,1.0,1.0,0.8888888888888888,1.0,0.9629629629629629,1.125,1.125,1.125,1.1111111111111112,1.1111111111111112,1.1111111111111112,0.0,0.11111111111111116,0.0,0.037037037037037056,0.0,0.0,1.0,0.8888888888888888,0.8888888888888888,0.8888888888888888,0.0,0.0,0.0,1.0,1.0,1.0,1.0,1.0,1.0,1.0,1.0,0.9333333333333333,1.0,0.9777777777777779,1.0714285714285714,1.0714285714285714,1.0714285714285714,1.0666666666666667,1.0666666666666667,1.0666666666666667,0.0,0.0,0.0,1.0,1.0,1.0,1.0,1.0,1.0,1.0,0.96875,1.0,0.9375,0.96875,0.9393364366277243,0.3833333333333333,1.0,0.5978260869565217,0.0,0.9411764705882353
DecisionTree,,6,0.975,0.9523809523809523,1.0,0.9761904761904762,0.9511897312113418,0.47368421052631576,0.5113636363636364,0.6491228070175439,1.0,0.9523809523809523,1.0,0.9841269841269842,1.05,1.05,1.05,1.0476190476190477,1.0476190476190477,1.0476190476190477,1.0,0.9333333333333333,1.0,0.9777777777777779,1.0714285714285714,1.0714285714285714,1.0714285714285714,1.0666666666666667,1.0666666666666667,1.0666666666666667,1.0,1.0,1.0,1.0,1.0,1.0,1.0,1.0,1.0,1.0,0.0,0.0,0.0,1.0,1.0,1.0,1.0,1.0,1.0,1.0,0.0,0.06666666666666665,0.0,0.022222222222222216,0.0,0.0,1.0,0.9333333333333333,0.9333333333333333,0.9333333333333333,1.0,1.0,1.0,1.0,1.0,1.0,1.0,1.0,1.0,1.0,0.0,0.14285714285714285,0.0,0.047619047619047616,0.0,0.0,1.0,0.8571428571428572,0.8571428571428572,0.8571428571428572,0.96875,0.9473684210526315,1.0,0.9736842105263157,0.9393364366277243,0.75,1.0,0.8333333333333334,0.14285714285714285,1.0
DecisionTree,,7,1.0,1.0,1.0,1.0,1.0,0.5950413223140496,0.6857142857142856,0.7525252525252525,1.0,1.0,1.0,1.0,1.0,1.0,1.0,1.0,1.0,1.0,1.0,1.0,1.0,1.0,1.0,1.0,1.0,1.0,1.0,1.0,1.0,1.0,1.0,1.0,1.0,1.0,1.0,1.0,1.0,1.0,0.0,0.0,0.0,1.0,1.0,1.0,1.0,1.0,1.0,1.0,0.0,0.0,0.0,1.0,1.0,1.0,1.0,1.0,1.0,1.0,1.0,1.0,1.0,1.0,1.0,1.0,1.0,1.0,1.0,1.0,0.0,0.0,0.0,1.0,1.0,1.0,1.0,1.0,1.0,1.0,1.0,1.0,1.0,1.0,1.0,0.9350649350649349,1.0,0.9603174603174602,0.0,1.0
DecisionTree,,8,1.0,1.0,1.0,1.0,1.0,0.36363636363636365,0.36363636363636365,0.6499999999999999,1.0,1.0,1.0,1.0,1.0,1.0,1.0,1.0,1.0,1.0,1.0,1.0,1.0,1.0,1.0,1.0,1.0,1.0,1.0,1.0,1.0,1.0,1.0,1.0,1.0,1.0,1.0,1.0,1.0,1.0,0.0,0.0,0.0,1.0,1.0,1.0,1.0,1.0,1.0,1.0,0.0,0.0,0.0,1.0,1.0,1.0,1.0,1.0,1.0,1.0,1.0,1.0,1.0,1.0,1.0,1.0,1.0,1.0,1.0,1.0,0.0,0.0,0.0,1.0,1.0,1.0,1.0,1.0,1.0,1.0,1.0,1.0,1.0,1.0,1.0,0.36363636363636365,1.0,0.6499999999999999,0.0,1.0
DecisionTree,,9,1.0,1.0,1.0,1.0,1.0,0.16911764705882354,0.18513257575757575,0.421994884910486,1.0,1.0,1.0,1.0,1.0,1.0,1.0,1.0,1.0,1.0,1.0,1.0,1.0,1.0,1.0,1.0,1.0,1.0,1.0,1.0,1.0,1.0,1.0,1.0,1.0,1.0,1.0,1.0,1.0,1.0,0.0,0.0,0.0,1.0,1.0,1.0,1.0,1.0,1.0,1.0,0.0,0.0,0.0,1.0,1.0,1.0,1.0,1.0,1.0,1.0,1.0,1.0,1.0,1.0,1.0,1.0,1.0,1.0,1.0,1.0,0.0,0.0,0.0,1.0,1.0,1.0,1.0,1.0,1.0,1.0,1.0,1.0,1.0,1.0,1.0,0.23958333333333331,1.0,0.47101449275362317,0.0,1.0
Feldman-SVM,lambda=1.0,0,0.475,0.08695652173913043,1.0,0.5434782608695652,0.19723488999328598,0.0,1.0,0.9285714285714286,0.8333333333333334,0.39285714285714285,0.5,0.5753968253968255,2.1212121212121215,1.2727272727272727,1.6969696969696972,1.4404761904761905,1.1071428571428572,1.2738095238095237,0.0,0.10526315789473684,0.0,0.03508771929824561,0.0,0.0,1.0,0.8947368421052632,0.8947368421052632,0.8947368421052632,1.0,1.0,1.0,1.0,1.0,1.0,1.0,1.0,1.0,1.0,0.0,0.0,0.0,1.0,1.0,1.0,1.0,1.0,1.0,1.0,1.0,0.8947368421052632,1.0,0.9649122807017544,1.1176470588235294,1.1176470588235294,1.1176470588235294,1.1052631578947367,1.1052631578947367,1.1052631578947367,1.0,1.0,1.0,1.0,1.0,1.0,1.0,1.0,1.0,1.0,0.16666666666666666,0.6538461538461539,0.5,0.44017094017094016,0.2549019607843137,0.7647058823529411,0.5098039215686274,0.5128205128205128,0.8461538461538461,0.6794871794871795,0.47058823529411764,0.10526315789473684,1.0,0.5526315789473684,0.2091650066335189,0.0,1.0,0.9285714285714286,0.6538461538461539,1.0
Feldman-SVM,lambda=1.0,1,0.725,0.5294117647058824,0.8695652173913043,0.6994884910485933,0.43039436929001645,1.2222222222222223,1.1916666666666669,1.0606060606060606,0.8,0.7272727272727273,0.625,0.7174242424242424,1.1,0.859375,0.9796875,1.0727272727272728,0.8977272727272727,0.9852272727272727,0.75,0.5,0.0,0.4166666666666667,1.5,0.0,0.75,1.25,0.5,0.875,0.8333333333333334,1.0,0.7142857142857143,0.8492063492063493,0.8333333333333334,0.7142857142857143,0.7738095238095238,0.8333333333333334,0.7142857142857143,0.7738095238095238,0.16666666666666663,0.0,0.2857142857142857,0.15079365079365079,0.0,0.0,1.0,1.1666666666666665,1.2857142857142856,1.226190476190476,0.25,0.5,1.0,0.5833333333333334,0.5,2.0,1.25,0.75,1.5,1.125,0.75,1.0,0.0,0.5833333333333334,0.75,0.0,0.375,0.75,0.0,0.375,0.16666666666666666,0.375,0.16666666666666666,0.23611111111111108,0.4444444444444444,0.4444444444444444,0.4444444444444444,0.7916666666666666,0.7916666666666666,0.7916666666666666,0.75,0.5625,1.0,0.75,0.5590169943749477,1.4666666666666668,1.4666666666666668,1.1272727272727274,0.375,1.0
Feldman-SVM,lambda=1.0,2,0.5,0.13043478260869565,1.0,0.5652173913043478,0.24480501365802013,2.7058823529411766,1.9166666666666665,1.0741687979539642,0.75,0.391304347826087,0.4,0.513768115942029,1.9166666666666665,1.0222222222222221,1.4694444444444443,1.358695652173913,1.008695652173913,1.183695652173913,0.4,0.06666666666666667,0.0,0.15555555555555556,6.0,0.0,3.0,1.3333333333333335,0.9333333333333333,1.1333333333333333,1.0,1.0,1.0,1.0,1.0,1.0,1.0,1.0,1.0,1.0,0.0,0.0,0.0,1.0,1.0,1.0,1.0,1.0,1.0,1.0,0.6,0.9333333333333333,1.0,0.8444444444444444,0.6428571428571428,1.0714285714285714,0.8571428571428571,0.6666666666666666,1.0666666666666667,0.8666666666666667,1.0,1.0,1.0,1.0,1.0,1.0,1.0,1.0,1.0,1.0,0.3,0.6363636363636364,0.6,0.5121212121212121,0.4714285714285714,0.9428571428571428,0.7071428571428571,0.6636363636363636,0.9636363636363636,0.8136363636363636,0.5142857142857142,0.15,1.0,0.575,0.2651650429449553,3.833333333333333,3.833333333333333,1.1231884057971016,0.6363636363636364,1.0
Feldman-SVM,lambda=1.0,3,0.7,0.42857142857142855,1.0,0.7142857142857143,0.5125161568769399,0.8333333333333334,0.8184523809523809,0.96,0.75,0.64,0.8571428571428571,0.7490476190476191,1.171875,1.3392857142857142,1.2555803571428572,1.1099999999999999,1.217142857142857,1.1635714285714285,0.5,0.4,0.5,0.4666666666666666,1.25,1.25,1.25,1.1,1.1,1.1,1.0,1.0,1.0,1.0,1.0,1.0,1.0,1.0,1.0,1.0,0.0,0.0,0.0,1.0,1.0,1.0,1.0,1.0,1.0,1.0,0.5,0.6,0.5,0.5333333333333333,0.8333333333333334,0.8333333333333334,0.8333333333333334,0.9,0.9,0.9,1.0,1.0,1.0,1.0,1.0,1.0,1.0,1.0,1.0,1.0,0.3333333333333333,0.47368421052631576,0.16666666666666666,0.3245614035087719,0.7037037037037037,0.35185185185185186,0.5277777777777778,0.8596491228070176,0.6929824561403509,0.7763157894736843,0.6875,0.42105263157894735,1.0,0.7105263157894737,0.49705012174770846,1.0416666666666667,1.0416666666666667,1.01,0.47368421052631576,1.0
Feldman-SVM,lambda=1.0,4,0.7,0.8823529411764706,0.5652173913043478,0.7237851662404091,0.4570187689337444,1.2380952380952381,1.2566666666666668,1.1373626373626373,0.6,0.8076923076923077,0.25,0.5525641025641025,0.7428571428571428,0.30952380952380953,0.5261904761904761,0.7923076923076923,0.4423076923076923,0.6173076923076923,1.0,0.8571428571428571,0.0,0.6190476190476191,1.1666666666666667,0.0,0.5833333333333334,1.1428571428571428,0.1428571428571429,0.6428571428571428,0.42857142857142855,0.75,1.0,0.7261904761904763,0.5714285714285714,1.3333333333333333,0.9523809523809523,0.6785714285714286,1.25,0.9642857142857143,0.5714285714285714,0.25,0.0,0.2738095238095238,2.2857142857142856,0.0,1.1428571428571428,1.3214285714285714,0.75,1.0357142857142856,0.0,0.1428571428571429,1.0,0.38095238095238093,0.0,6.999999999999997,3.4999999999999987,0.8571428571428571,1.8571428571428572,1.3571428571428572,0.42857142857142855,0.8,0.0,0.40952380952380957,0.5357142857142857,0.0,0.26785714285714285,0.6285714285714286,0.19999999999999996,0.41428571428571426,0.0,0.18181818181818182,0.0,0.06060606060606061,0.0,0.0,1.0,0.8181818181818181,0.8181818181818181,0.8181818181818181,0.8076923076923077,0.8823529411764706,0.75,0.8035714285714286,0.6126374746329801,1.3,1.3,1.1730769230769231,0.18181818181818182,0.8
Feldman-SVM,lambda=1.0,5,0.75,0.9444444444444444,0.5909090909090909,0.7676767676767677,0.5583899280962289,0.9921568627450981,0.9902777777777778,0.9948849104859335,0.625,0.8695652173913043,0.5555555555555556,0.6833735909822867,0.71875,0.638888888888889,0.6788194444444444,0.7554347826086957,0.6859903381642513,0.7207125603864735,1.0,0.9285714285714286,1.0,0.9761904761904763,1.0769230769230769,1.0769230769230769,1.0769230769230769,1.0714285714285714,1.0714285714285714,1.0714285714285714,0.5,0.7777777777777778,0.42857142857142855,0.5687830687830687,0.6428571428571428,0.5510204081632653,0.596938775510204,0.7222222222222222,0.6507936507936507,0.6865079365079365,0.5,0.2222222222222222,0.5714285714285714,0.43121693121693117,2.25,2.5714285714285716,2.4107142857142856,1.2777777777777777,1.3492063492063493,1.3134920634920635,0.0,0.0714285714285714,0.0,0.023809523809523798,0.0,0.0,1.0,0.9285714285714286,0.9285714285714286,0.9285714285714286,0.4,0.8666666666666667,0.3333333333333333,0.5333333333333333,0.46153846153846156,0.3846153846153846,0.4230769230769231,0.5333333333333333,0.46666666666666656,0.49999999999999994,0.0,0.125,0.0,0.041666666666666664,0.0,0.0,1.0,0.875,0.875,0.875,0.8695652173913043,0.9375,0.7777777777777778,0.8531746031746033,0.7237925541034954,1.0222222222222221,1.0222222222222221,1.0144927536231885,0.125,0.8666666666666667
Feldman-SVM,lambda=1.0,6,0.55,0.19047619047619047,0.9473684210526315,0.568922305764411,0.20814079896736398,1.6578947368421053,1.7897727272727273,1.06265664160401,0.75,0.38095238095238093,0.7272727272727273,0.6194083694083694,1.96875,1.9090909090909092,1.9389204545454546,1.369047619047619,1.3463203463203464,1.3576839826839828,0.5,0.13333333333333333,0.0,0.2111111111111111,3.75,0.0,1.875,1.3666666666666667,0.8666666666666667,1.1166666666666667,1.0,1.0,0.8888888888888888,0.9629629629629629,1.0,0.8888888888888888,0.9444444444444444,1.0,0.8888888888888888,0.9444444444444444,0.0,0.0,0.11111111111111116,0.037037037037037056,1.0,0.0,0.5,1.0,1.1111111111111112,1.0555555555555556,0.5,0.8666666666666667,1.0,0.7888888888888889,0.5769230769230769,1.1538461538461537,0.8653846153846153,0.6333333333333333,1.1333333333333333,0.8833333333333333,1.0,1.0,0.0,0.6666666666666666,1.0,0.0,0.5,1.0,0.0,0.5,0.3333333333333333,0.6842105263157895,0.2,0.4058479532163743,0.4871794871794871,0.2923076923076923,0.3897435897435897,0.6491228070175439,0.5157894736842106,0.5824561403508772,0.5,0.21052631578947367,1.0,0.6052631578947368,0.29019050004400465,2.625,2.625,1.1547619047619047,0.6842105263157895,1.0
Feldman-SVM,lambda=1.0,7,0.7,0.8947368421052632,0.5238095238095238,0.7092731829573935,0.4462481873929348,1.1900826446280992,1.122077922077922,1.1161616161616161,0.4666666666666667,0.7777777777777778,1.0,0.7481481481481481,0.6,1.2857142857142856,0.9428571428571428,0.6888888888888889,1.2222222222222223,0.9555555555555556,1.0,0.8181818181818182,1.0,0.9393939393939394,1.222222222222222,1.222222222222222,1.222222222222222,1.1818181818181817,1.1818181818181817,1.1818181818181817,0.2727272727272727,0.7142857142857143,1.0,0.6623376623376623,0.3818181818181818,1.4,0.8909090909090909,0.5584415584415584,1.2857142857142856,0.922077922077922,0.7272727272727273,0.2857142857142857,0.0,0.3376623376623377,2.545454545454546,0.0,1.272727272727273,1.4415584415584415,0.7142857142857143,1.077922077922078,0.0,0.18181818181818177,0.0,0.06060606060606059,0.0,0.0,1.0,0.8181818181818182,0.8181818181818182,0.8181818181818182,0.3333333333333333,0.8181818181818182,1.0,0.7171717171717171,0.4074074074074074,1.222222222222222,0.8148148148148148,0.5151515151515151,1.1818181818181817,0.8484848484848484,0.0,0.2857142857142857,0.0,0.09523809523809523,0.0,0.0,1.0,0.7142857142857143,0.7142857142857143,0.7142857142857143,0.84,0.8666666666666667,0.8,0.8333333333333334,0.6666666666666669,1.309090909090909,1.309090909090909,1.1888888888888889,0.2857142857142857,0.8666666666666667
Feldman-SVM,lambda=1.0,8,0.775,0.6666666666666666,0.84,0.7533333333333333,0.5142653638627284,1.0,1.0,1.0,0.9,0.7,0.8,0.8000000000000002,1.2857142857142858,1.142857142857143,1.2142857142857144,1.2000000000000002,1.1,1.1500000000000001,1.0,0.5454545454545454,1.0,0.8484848484848485,1.8333333333333335,1.8333333333333335,1.8333333333333335,1.4545454545454546,1.4545454545454546,1.4545454545454546,0.875,0.8888888888888888,0.75,0.8379629629629629,0.984375,0.84375,0.9140625,0.9861111111111112,0.8611111111111112,0.9236111111111112,0.125,0.11111111111111116,0.25,0.16203703703703706,1.1249999999999996,2.249999999999999,1.6874999999999993,1.0138888888888888,1.1388888888888888,1.0763888888888888,0.0,0.4545454545454546,0.0,0.15151515151515152,0.0,0.0,1.0,0.5454545454545454,0.5454545454545454,0.5454545454545454,0.6666666666666666,0.8571428571428571,0.5,0.6746031746031745,0.7777777777777778,0.5833333333333334,0.6805555555555556,0.8095238095238095,0.6428571428571429,0.7261904761904763,0.0,0.38461538461538464,0.0,0.12820512820512822,0.0,0.0,1.0,0.6153846153846154,0.6153846153846154,0.6153846153846154,0.7666666666666667,0.6153846153846154,0.8888888888888888,0.748868778280543,0.5232166435699436,1.142857142857143,1.142857142857143,1.05,0.38461538461538464,0.8571428571428571
Feldman-SVM,lambda=1.0,9,0.675,0.6666666666666666,0.6818181818181818,0.6742424242424242,0.3471722831863235,0.6244343891402716,0.6835664335664335,0.7877237851662404,0.8181818181818182,0.6086956521739131,0.6666666666666666,0.6978480456741326,1.344155844155844,1.0952380952380951,1.2196969696969697,1.2094861660079053,1.0579710144927534,1.1337285902503293,1.0,0.625,1.0,0.875,1.6,1.6,1.6,1.375,1.375,1.375,0.8,0.5714285714285714,0.6,0.6571428571428571,1.4000000000000001,1.05,1.225,1.2285714285714286,1.0285714285714285,1.1285714285714286,0.19999999999999996,0.4285714285714286,0.4,0.3428571428571428,0.4666666666666665,0.9333333333333333,0.7,0.7714285714285714,0.9714285714285714,0.8714285714285714,0.0,0.375,0.0,0.125,0.0,0.0,1.0,0.625,0.625,0.625,0.3333333333333333,0.7692307692307693,0.3333333333333333,0.47863247863247865,0.4333333333333333,0.4333333333333333,0.4333333333333333,0.5641025641025641,0.5641025641025641,0.5641025641025641,0.0,0.6,0.0,0.19999999999999998,0.0,0.0,1.0,0.4,0.4,0.4,0.6764705882352942,0.6470588235294118,0.7058823529411765,0.6764705882352942,0.3535533905932738,0.8846153846153847,1.0,0.9347826086956522,0.6,0.7692307692307693
Feldman-GaussianNB,lambda=1.0,0,0.8,0.7391304347826086,0.8823529411764706,0.8107416879795396,0.6152214189875816,1.0769230769230769,1.0769230769230769,1.0357142857142856,0.6666666666666666,0.7857142857142857,1.0,0.8174603174603176,0.8484848484848485,1.2727272727272727,1.0606060606060606,0.8809523809523809,1.2142857142857144,1.0476190476190477,1.0,0.6842105263157895,1.0,0.8947368421052632,1.4615384615384615,1.4615384615384615,1.4615384615384615,1.3157894736842106,1.3157894736842106,1.3157894736842106,0.6,1.0,1.0,0.8666666666666667,0.6,1.0,0.8,0.6,1.0,0.8,0.4,0.0,0.0,0.13333333333333333,0.0,1.0,0.5,1.4,1.0,1.2,0.0,0.3157894736842105,0.0,0.10526315789473684,0.0,0.0,1.0,0.6842105263157895,0.6842105263157895,0.6842105263157895,0.3333333333333333,1.0,1.0,0.7777777777777777,0.3333333333333333,1.0,0.6666666666666666,0.33333333333333326,1.0,0.6666666666666666,0.0,0.4,0.0,0.13333333333333333,0.0,0.0,1.0,0.6,0.6,0.6,0.8235294117647058,0.7272727272727273,1.0,0.8636363636363636,0.6963106238227913,1.0769230769230769,1.0769230769230769,1.0357142857142856,0.4,1.0
Feldman-GaussianNB,lambda=1.0,1,0.85,1.0,0.7391304347826086,0.8695652173913043,0.7391304347826086,0.7857142857142857,0.7857142857142857,0.8636363636363636,0.9,0.9090909090909091,0.625,0.8113636363636364,0.9900000000000001,0.6875,0.8387500000000001,0.990909090909091,0.7159090909090909,0.853409090909091,1.0,1.0,1.0,1.0,1.0,1.0,1.0,1.0,1.0,1.0,0.8333333333333334,0.8,0.5714285714285714,0.734920634920635,1.0416666666666667,0.7142857142857142,0.8779761904761905,1.0333333333333332,0.7714285714285714,0.9023809523809523,0.16666666666666663,0.19999999999999996,0.4285714285714286,0.2650793650793651,0.8333333333333334,2.1428571428571437,1.4880952380952386,0.9666666666666667,1.2285714285714286,1.0976190476190477,0.0,0.0,0.0,1.0,1.0,1.0,1.0,1.0,1.0,1.0,0.8,0.8571428571428571,0.25,0.6357142857142857,0.9333333333333335,0.2916666666666667,0.6125,0.942857142857143,0.3928571428571429,0.6678571428571429,0.0,0.0,0.0,1.0,1.0,1.0,1.0,1.0,1.0,1.0,0.9090909090909091,1.0,0.8125,0.90625,0.8280786712108252,0.7857142857142857,1.0,0.8636363636363636,0.0,0.8571428571428571
Feldman-GaussianNB,lambda=1.0,2,0.925,1.0,0.8235294117647058,0.9117647058823529,0.8535260905973038,0.9921568627450981,1.0605555555555557,0.9948849104859335,0.8333333333333334,1.0,0.8,0.8777777777777779,0.8333333333333334,0.8,0.8166666666666667,0.8333333333333334,0.8,0.8166666666666667,1.0,1.0,1.0,1.0,1.0,1.0,1.0,1.0,1.0,1.0,0.7142857142857143,1.0,0.5,0.7380952380952381,0.7142857142857143,0.5,0.6071428571428572,0.7142857142857143,0.5,0.6071428571428572,0.2857142857142857,0.0,0.5,0.2619047619047619,0.0,0.0,1.0,1.2857142857142856,1.5,1.3928571428571428,0.0,0.0,0.0,1.0,1.0,1.0,1.0,1.0,1.0,1.0,0.7142857142857143,1.0,0.75,0.8214285714285715,0.7142857142857143,0.75,0.7321428571428572,0.7142857142857143,0.75,0.7321428571428572,0.0,0.0,0.0,1.0,1.0,1.0,1.0,1.0,1.0,1.0,1.0,1.0,1.0,1.0,1.0,1.2266666666666668,1.2266666666666668,1.1478260869565218,0.0,1.0
Feldman-GaussianNB,lambda=1.0,3,0.775,0.9523809523809523,0.5789473684210527,0.7656641604010025,0.579001614054275,1.0784313725490196,1.0766806722689075,1.0533333333333332,0.75,0.84,0.5714285714285714,0.7204761904761904,0.8928571428571429,0.6802721088435374,0.7865646258503401,0.91,0.7314285714285714,0.8207142857142857,1.0,0.9333333333333333,1.0,0.9777777777777779,1.0714285714285714,1.0714285714285714,1.0714285714285714,1.0666666666666667,1.0666666666666667,1.0666666666666667,0.5,0.7,0.4,0.5333333333333333,0.7142857142857143,0.5714285714285715,0.6428571428571429,0.8,0.7000000000000001,0.75,0.5,0.30000000000000004,0.6,0.4666666666666666,1.6666666666666665,1.9999999999999996,1.833333333333333,1.2,1.2999999999999998,1.25,0.0,0.06666666666666665,0.0,0.022222222222222216,0.0,0.0,1.0,0.9333333333333333,0.9333333333333333,0.9333333333333333,0.6666666666666666,0.8235294117647058,0.4,0.6300653594771242,0.8095238095238095,0.48571428571428577,0.6476190476190476,0.8431372549019608,0.5764705882352942,0.7098039215686275,0.0,0.125,0.0,0.041666666666666664,0.0,0.0,1.0,0.875,0.875,0.875,0.84,0.9473684210526315,0.7,0.8166666666666667,0.6651330399133046,1.102941176470588,1.102941176470588,1.0699999999999998,0.125,0.8235294117647058
Feldman-GaussianNB,lambda=1.0,4,0.85,0.8235294117647058,0.8695652173913043,0.8465473145780051,0.6930946291560102,1.0129870129870129,0.8863636363636365,1.0054945054945055,0.8,0.8846153846153846,0.75,0.8115384615384617,0.9043478260869566,0.8478260869565217,0.8760869565217392,0.9153846153846155,0.8653846153846154,0.8903846153846154,1.0,0.7857142857142857,0.0,0.5952380952380952,1.2727272727272727,0.0,0.6363636363636364,1.2142857142857144,0.2142857142857143,0.7142857142857144,0.7142857142857143,1.0,1.0,0.9047619047619048,0.7142857142857143,1.0,0.8571428571428572,0.7142857142857143,1.0,0.8571428571428572,0.2857142857142857,0.0,0.0,0.09523809523809523,0.0,1.0,0.5,1.2857142857142856,1.0,1.1428571428571428,0.0,0.2142857142857143,1.0,0.4047619047619048,0.0,4.666666666666666,2.333333333333333,0.7857142857142857,1.7857142857142856,1.2857142857142856,0.6,1.0,0.0,0.5333333333333333,0.6,0.0,0.3,0.6,0.0,0.3,0.0,0.2,0.0,0.06666666666666667,0.0,0.0,1.0,0.8,0.8,0.8,0.8846153846153846,0.8235294117647058,1.0,0.8928571428571428,0.7928249671720919,1.1818181818181819,1.1818181818181819,1.0769230769230769,0.2,1.0
Feldman-GaussianNB,lambda=1.0,5,0.775,0.7777777777777778,0.7727272727272727,0.7752525252525253,0.5484315777870907,0.9839572192513368,0.9873737373737372,0.9923273657289002,0.75,0.782608695652174,0.7777777777777778,0.7701288244766505,0.9583333333333333,0.9938271604938271,0.9760802469135802,0.967391304347826,0.9951690821256038,0.981280193236715,1.0,0.7142857142857143,1.0,0.9047619047619048,1.4,1.4,1.4,1.2857142857142856,1.2857142857142856,1.2857142857142856,0.6666666666666666,0.8888888888888888,0.7142857142857143,0.7566137566137566,0.75,0.8035714285714286,0.7767857142857143,0.7777777777777778,0.8253968253968255,0.8015873015873016,0.33333333333333337,0.11111111111111116,0.2857142857142857,0.2433862433862434,2.999999999999999,2.5714285714285703,2.7857142857142847,1.2222222222222223,1.1746031746031744,1.1984126984126984,0.0,0.2857142857142857,0.0,0.09523809523809523,0.0,0.0,1.0,0.7142857142857143,0.7142857142857143,0.7142857142857143,0.5,0.9090909090909091,0.5,0.6363636363636364,0.55,0.55,0.55,0.5909090909090909,0.5909090909090909,0.5909090909090909,0.0,0.3333333333333333,0.0,0.1111111111111111,0.0,0.0,1.0,0.6666666666666667,0.6666666666666667,0.6666666666666667,0.782608695652174,0.75,0.8888888888888888,0.8015873015873016,0.5893066665856984,1.0454545454545454,1.0454545454545454,1.0217391304347827,0.3333333333333333,0.9090909090909091
Feldman-GaussianNB,lambda=1.0,6,0.825,0.8095238095238095,0.8421052631578947,0.8258145363408521,0.6508140266182866,0.9043062200956937,0.9111570247933883,0.949874686716792,1.0,0.8095238095238095,0.7272727272727273,0.8455988455988456,1.2352941176470589,0.8983957219251337,1.0668449197860963,1.1904761904761905,0.9177489177489178,1.054112554112554,1.0,0.7333333333333333,1.0,0.9111111111111111,1.3636363636363638,1.3636363636363638,1.3636363636363638,1.2666666666666666,1.2666666666666666,1.2666666666666666,1.0,1.0,0.6666666666666666,0.8888888888888888,1.0,0.6666666666666666,0.8333333333333333,1.0,0.6666666666666666,0.8333333333333333,0.0,0.0,0.33333333333333337,0.11111111111111112,1.0,0.0,0.5,1.0,1.3333333333333335,1.1666666666666667,0.0,0.2666666666666667,0.0,0.0888888888888889,0.0,0.0,1.0,0.7333333333333333,0.7333333333333333,0.7333333333333333,1.0,1.0,0.4,0.7999999999999999,1.0,0.4,0.7,1.0,0.4,0.7,0.0,0.4,0.0,0.13333333333333333,0.0,0.0,1.0,0.6,0.6,0.6,0.8620689655172413,0.7894736842105263,1.0,0.8947368421052632,0.7509392614826387,0.9545454545454545,1.0,0.9761904761904762,0.4,1.0
Feldman-GaussianNB,lambda=1.0,7,0.825,0.9473684210526315,0.7142857142857143,0.8308270676691729,0.6744532734334623,0.9669421487603306,0.9584415584415583,0.9797979797979798,0.6666666666666666,0.8888888888888888,1.0,0.8518518518518517,0.75,1.125,0.9375,0.7777777777777778,1.1111111111111112,0.9444444444444444,1.0,0.9090909090909091,1.0,0.9696969696969697,1.1,1.1,1.1,1.0909090909090908,1.0909090909090908,1.0909090909090908,0.5454545454545454,0.8571428571428571,1.0,0.8008658008658008,0.6363636363636364,1.1666666666666667,0.9015151515151516,0.6883116883116883,1.1428571428571428,0.9155844155844155,0.4545454545454546,0.1428571428571429,0.0,0.19913419913419916,3.181818181818181,0.0,1.5909090909090906,1.3116883116883118,0.8571428571428571,1.0844155844155845,0.0,0.09090909090909094,0.0,0.030303030303030314,0.0,0.0,1.0,0.9090909090909091,0.9090909090909091,0.9090909090909091,0.4444444444444444,0.9090909090909091,1.0,0.7845117845117845,0.4888888888888889,1.1,0.7944444444444445,0.5353535353535354,1.0909090909090908,0.8131313131313131,0.0,0.14285714285714285,0.0,0.047619047619047616,0.0,0.0,1.0,0.8571428571428572,0.8571428571428572,0.8571428571428572,0.92,0.9333333333333333,0.9,0.9166666666666667,0.8333333333333334,0.9818181818181817,1.0,0.9888888888888888,0.14285714285714285,0.9333333333333333
Feldman-GaussianNB,lambda=1.0,8,0.9,0.7333333333333333,1.0,0.8666666666666667,0.795099935886035,0.5714285714285715,0.5714285714285715,0.8500000000000001,1.0,0.8,1.0,0.9333333333333332,1.25,1.25,1.25,1.2,1.2,1.2,1.0,0.6363636363636364,1.0,0.8787878787878788,1.5714285714285714,1.5714285714285714,1.5714285714285714,1.3636363636363638,1.3636363636363638,1.3636363636363638,1.0,1.0,1.0,1.0,1.0,1.0,1.0,1.0,1.0,1.0,0.0,0.0,0.0,1.0,1.0,1.0,1.0,1.0,1.0,1.0,0.0,0.36363636363636365,0.0,0.12121212121212122,0.0,0.0,1.0,0.6363636363636364,0.6363636363636364,0.6363636363636364,1.0,1.0,1.0,1.0,1.0,1.0,1.0,1.0,1.0,1.0,0.0,0.3076923076923077,0.0,0.10256410256410257,0.0,0.0,1.0,0.6923076923076923,0.6923076923076923,0.6923076923076923,0.8666666666666667,0.6923076923076923,1.0,0.8461538461538461,0.7486251134176306,0.5714285714285715,1.0,0.8500000000000001,0.3076923076923077,1.0
Feldman-GaussianNB,lambda=1.0,9,0.65,0.4444444444444444,0.8181818181818182,0.6313131313131313,0.2851124011492332,1.3529411764705883,1.3358585858585859,1.092071611253197,0.7272727272727273,0.5652173913043478,0.8333333333333334,0.7086078173034696,1.2867132867132869,1.4743589743589745,1.3805361305361306,1.1620553359683794,1.2681159420289856,1.2150856389986826,1.0,0.375,1.0,0.7916666666666666,2.6666666666666665,2.6666666666666665,2.6666666666666665,1.625,1.625,1.625,0.7,1.0,0.8,0.8333333333333334,0.7,0.8,0.75,0.7,0.8,0.75,0.30000000000000004,0.0,0.19999999999999996,0.16666666666666666,0.0,0.0,1.0,1.3,1.2,1.25,0.0,0.625,0.0,0.20833333333333334,0.0,0.0,1.0,0.375,0.375,0.375,0.25,1.0,0.5,0.5833333333333334,0.25,0.5,0.375,0.25,0.5,0.375,0.0,0.5882352941176471,0.0,0.19607843137254902,0.0,0.0,1.0,0.4117647058823529,0.4117647058823529,0.4117647058823529,0.6206896551724138,0.4117647058823529,1.0,0.6875,0.3929526239966878,1.393939393939394,1.393939393939394,1.1027667984189724,0.5882352941176471,1.0
Feldman-LR,lambda=1.0,0,0.75,0.6521739130434783,0.8823529411764706,0.7672634271099744,0.5345268542199488,1.2727272727272727,1.2727272727272727,1.1071428571428572,0.6666666666666666,0.7142857142857143,1.0,0.7936507936507936,0.9333333333333332,1.4,1.1666666666666665,0.9523809523809523,1.2857142857142856,1.119047619047619,1.0,0.5789473684210527,1.0,0.8596491228070176,1.7272727272727273,1.7272727272727273,1.7272727272727273,1.4210526315789473,1.4210526315789473,1.4210526315789473,0.6,1.0,1.0,0.8666666666666667,0.6,1.0,0.8,0.6,1.0,0.8,0.4,0.0,0.0,0.13333333333333333,0.0,1.0,0.5,1.4,1.0,1.2,0.0,0.42105263157894735,0.0,0.14035087719298245,0.0,0.0,1.0,0.5789473684210527,0.5789473684210527,0.5789473684210527,0.3333333333333333,1.0,1.0,0.7777777777777777,0.3333333333333333,1.0,0.6666666666666666,0.33333333333333326,1.0,0.6666666666666666,0.0,0.47058823529411764,0.0,0.1568627450980392,0.0,0.0,1.0,0.5294117647058824,0.5294117647058824,0.5294117647058824,0.7647058823529411,0.6363636363636364,1.0,0.8181818181818181,0.6179143806533246,1.2727272727272727,1.2727272727272727,1.1071428571428572,0.47058823529411764,1.0
Feldman-LR,lambda=1.0,1,0.575,0.5294117647058824,0.6086956521739131,0.5690537084398977,0.13723275692966877,1.222222222222222,1.222222222222222,1.0909090909090908,0.7,0.5909090909090909,0.375,0.5553030303030303,1.1846153846153844,0.6346153846153846,0.9096153846153845,1.109090909090909,0.7840909090909091,0.946590909090909,0.75,0.5,0.0,0.4166666666666667,1.5,0.0,0.75,1.25,0.5,0.875,0.6666666666666666,0.7,0.42857142857142855,0.5984126984126984,0.9523809523809524,0.6122448979591837,0.782312925170068,0.9666666666666667,0.7285714285714286,0.8476190476190477,0.33333333333333337,0.30000000000000004,0.5714285714285714,0.40158730158730166,1.1111111111111112,1.9047619047619044,1.507936507936508,1.0333333333333332,1.2714285714285714,1.1523809523809523,0.25,0.5,1.0,0.5833333333333334,0.5,2.0,1.25,0.75,1.5,1.125,0.6,0.6666666666666666,0.0,0.4222222222222222,0.9,0.0,0.45,0.9333333333333333,0.33333333333333337,0.6333333333333333,0.2,0.46153846153846156,0.25,0.3038461538461539,0.43333333333333335,0.5416666666666666,0.4875,0.7384615384615385,0.7884615384615384,0.7634615384615384,0.625,0.5625,0.7,0.625,0.2519763153394848,1.222222222222222,1.222222222222222,1.0909090909090908,0.46153846153846156,0.6666666666666666
Feldman-LR,lambda=1.0,2,0.575,0.8695652173913043,0.17647058823529413,0.5230179028132992,0.06373368692776016,1.068111455108359,1.1096491228070176,1.0562659846547313,0.4166666666666667,0.6521739130434783,0.6,0.5562801932367151,0.638888888888889,0.9199999999999999,0.7794444444444444,0.7644927536231885,0.9478260869565217,0.856159420289855,0.8,0.8666666666666667,1.0,0.888888888888889,0.9230769230769231,1.1538461538461537,1.0384615384615383,0.9333333333333333,1.1333333333333333,1.0333333333333332,0.14285714285714285,0.25,0.0,0.13095238095238096,0.5714285714285714,0.0,0.2857142857142857,0.8928571428571428,0.75,0.8214285714285714,0.8571428571428572,0.75,1.0,0.8690476190476191,1.142857142857143,1.3333333333333333,1.2380952380952381,1.1071428571428572,1.25,1.1785714285714286,0.19999999999999996,0.1333333333333333,0.0,0.11111111111111109,1.5,0.0,0.75,1.0666666666666667,0.8666666666666667,0.9666666666666667,0.4,0.6842105263157895,0.6,0.5614035087719298,0.5846153846153846,0.8769230769230769,0.7307692307692308,0.7157894736842105,0.9157894736842105,0.8157894736842105,0.5,0.5,1.0,0.6666666666666666,1.0,2.0,1.5,1.0,1.5,1.25,0.6521739130434783,0.8888888888888888,0.25,0.5583333333333333,0.14659886790209348,1.2105263157894737,1.2105263157894737,1.1739130434782608,0.5,0.6842105263157895
Feldman-LR,lambda=1.0,3,0.65,0.9047619047619048,0.3684210526315789,0.6365914786967418,0.3266915853776985,1.0526315789473684,1.0455827067669174,1.04,0.625,0.68,0.5714285714285714,0.6254761904761905,0.9191176470588235,0.8403361344537814,0.8797268907563025,0.945,0.8914285714285713,0.9182142857142856,1.0,0.8666666666666667,1.0,0.9555555555555556,1.1538461538461537,1.1538461538461537,1.1538461538461537,1.1333333333333333,1.1333333333333333,1.1333333333333333,0.25,0.4,0.4,0.35000000000000003,0.625,1.0,0.8125,0.85,1.0,0.925,0.75,0.6,0.6,0.65,1.25,1.0,1.125,1.15,1.0,1.075,0.0,0.1333333333333333,0.0,0.04444444444444443,0.0,0.0,1.0,0.8666666666666667,0.8666666666666667,0.8666666666666667,0.5714285714285714,0.6842105263157895,0.4,0.5518796992481203,0.8351648351648351,0.5846153846153846,0.7098901098901098,0.8872180451127819,0.7157894736842105,0.8015037593984962,0.0,0.3333333333333333,0.0,0.1111111111111111,0.0,0.0,1.0,0.6666666666666667,0.6666666666666667,0.6666666666666667,0.68,0.8947368421052632,0.4,0.6411764705882352,0.32539568672798425,1.1513157894736843,1.1513157894736843,1.115,0.3333333333333333,0.6842105263157895
Feldman-LR,lambda=1.0,4,0.775,0.6470588235294118,0.8695652173913043,0.7583120204603581,0.5354418332318488,1.0317460317460319,1.1555555555555554,1.010989010989011,0.8,0.8076923076923077,0.5,0.7025641025641026,0.9904761904761905,0.6190476190476191,0.8047619047619048,0.9923076923076923,0.6923076923076923,0.8423076923076923,0.6666666666666666,0.6428571428571429,0.0,0.4365079365079365,1.037037037037037,0.0,0.5185185185185185,1.0238095238095237,0.3571428571428571,0.6904761904761905,0.8571428571428571,1.0,1.0,0.9523809523809524,0.8571428571428571,1.0,0.9285714285714286,0.8571428571428571,1.0,0.9285714285714286,0.1428571428571429,0.0,0.0,0.04761904761904764,0.0,1.0,0.5,1.1428571428571428,1.0,1.0714285714285714,0.33333333333333337,0.3571428571428571,1.0,0.5634920634920635,0.9333333333333336,2.8000000000000003,1.866666666666667,0.9761904761904763,1.6428571428571428,1.3095238095238095,0.6666666666666666,1.0,0.0,0.5555555555555555,0.6666666666666666,0.0,0.3333333333333333,0.6666666666666666,0.0,0.3333333333333333,0.14285714285714285,0.29411764705882354,0.0,0.14565826330532214,0.48571428571428565,0.0,0.24285714285714283,0.8487394957983193,0.7058823529411764,0.7773109243697478,0.8076923076923077,0.6470588235294118,1.0,0.8214285714285714,0.6736330697086078,1.4444444444444444,1.4444444444444444,1.1538461538461537,0.29411764705882354,1.0
Feldman-LR,lambda=1.0,5,0.675,0.3888888888888889,0.9090909090909091,0.648989898989899,0.3550032367039896,1.0823529411764705,1.0861111111111112,1.0179028132992327,0.75,0.6086956521739131,0.7777777777777778,0.7121578099838969,1.232142857142857,1.2777777777777777,1.2549603174603172,1.141304347826087,1.1690821256038646,1.1551932367149758,0.5,0.35714285714285715,0.5,0.4523809523809524,1.4,1.4,1.4,1.1428571428571428,1.1428571428571428,1.1428571428571428,0.8333333333333334,1.0,0.8571428571428571,0.8968253968253969,0.8333333333333334,0.8571428571428571,0.8452380952380952,0.8333333333333334,0.8571428571428571,0.8452380952380952,0.16666666666666663,0.0,0.1428571428571429,0.10317460317460318,0.0,0.0,1.0,1.1666666666666665,1.1428571428571428,1.1547619047619047,0.5,0.6428571428571428,0.5,0.5476190476190476,0.7777777777777779,0.7777777777777779,0.7777777777777779,0.8571428571428572,0.8571428571428572,0.8571428571428572,0.5,1.0,0.5,0.6666666666666666,0.5,0.5,0.5,0.5,0.5,0.5,0.16666666666666666,0.5,0.14285714285714285,0.2698412698412698,0.3333333333333333,0.2857142857142857,0.30952380952380953,0.6666666666666666,0.6428571428571428,0.6547619047619047,0.65625,0.375,1.0,0.6785714285714286,0.42257712736425834,1.1500000000000001,1.1500000000000001,1.0326086956521738,0.5,1.0
Feldman-LR,lambda=1.0,6,0.775,0.7142857142857143,0.8421052631578947,0.7781954887218046,0.5584945425171288,0.8842105263157894,0.9426136363636364,0.9448621553884712,0.875,0.7619047619047619,0.7272727272727273,0.7880591630591631,1.1484375,0.9545454545454546,1.0514914772727273,1.1130952380952381,0.9653679653679654,1.039231601731602,1.0,0.6666666666666666,0.5,0.7222222222222222,1.5,0.75,1.125,1.3333333333333335,0.8333333333333334,1.0833333333333335,0.75,1.0,0.7777777777777778,0.8425925925925926,0.75,0.7777777777777778,0.7638888888888888,0.75,0.7777777777777778,0.7638888888888888,0.25,0.0,0.2222222222222222,0.1574074074074074,0.0,0.0,1.0,1.25,1.2222222222222223,1.2361111111111112,0.0,0.33333333333333337,0.5,0.2777777777777778,0.0,1.4999999999999998,0.7499999999999999,0.6666666666666666,1.1666666666666665,0.9166666666666665,0.8,1.0,0.3333333333333333,0.7111111111111111,0.8,0.3333333333333333,0.5666666666666667,0.8,0.33333333333333326,0.5666666666666667,0.0,0.45454545454545453,0.125,0.1931818181818182,0.0,0.275,0.1375,0.5454545454545454,0.6704545454545454,0.6079545454545454,0.7931034482758621,0.7368421052631579,1.0,0.8333333333333333,0.6057576709293283,1.3125,1.3125,1.1488095238095237,0.45454545454545453,1.0
Feldman-LR,lambda=1.0,7,0.7,0.8947368421052632,0.5238095238095238,0.7092731829573935,0.4462481873929348,0.8811188811188811,0.8571428571428571,0.9141414141414141,0.6,0.7777777777777778,0.7142857142857143,0.6973544973544974,0.7714285714285714,0.9183673469387755,0.8448979591836734,0.8222222222222222,0.9365079365079365,0.8793650793650793,1.0,0.9090909090909091,0.75,0.8863636363636364,1.1,0.8250000000000001,0.9625000000000001,1.0909090909090908,0.8409090909090909,0.9659090909090908,0.45454545454545453,0.5714285714285714,0.6666666666666666,0.5642135642135643,0.7954545454545455,1.1666666666666667,0.9810606060606062,0.8831168831168832,1.0952380952380953,0.9891774891774893,0.5454545454545454,0.4285714285714286,0.33333333333333337,0.4357864357864358,1.2727272727272725,0.7777777777777778,1.025252525252525,1.1168831168831168,0.9047619047619048,1.0108225108225108,0.0,0.09090909090909094,0.25,0.11363636363636365,0.0,2.749999999999999,1.3749999999999996,0.9090909090909091,1.1590909090909092,1.0340909090909092,0.4,0.7692307692307693,0.75,0.6397435897435898,0.52,0.975,0.7475,0.6307692307692307,0.9807692307692307,0.8057692307692308,0.0,0.2,0.3333333333333333,0.17777777777777778,0.0,1.6666666666666665,0.8333333333333333,0.8,1.1333333333333333,0.9666666666666667,0.7777777777777778,0.9333333333333333,0.6,0.7402597402597402,0.5229975846277625,0.923076923076923,1.0,0.9444444444444444,0.25,0.7692307692307693
Feldman-LR,lambda=1.0,8,0.625,0.4,0.76,0.5800000000000001,0.1690308509457034,1.4,1.4,1.1,0.6,0.6,0.7,0.6333333333333333,1.0,1.1666666666666667,1.0833333333333335,1.0,1.1,1.05,0.5,0.36363636363636365,0.5,0.4545454545454546,1.375,1.375,1.375,1.1363636363636362,1.1363636363636362,1.1363636363636362,0.625,0.8888888888888888,0.75,0.7546296296296297,0.703125,0.84375,0.7734375,0.7361111111111112,0.8611111111111112,0.7986111111111112,0.375,0.11111111111111116,0.25,0.24537037037037038,3.3749999999999987,2.249999999999999,2.812499999999999,1.2638888888888888,1.1388888888888888,1.2013888888888888,0.5,0.6363636363636364,0.5,0.5454545454545454,0.7857142857142857,0.7857142857142857,0.7857142857142857,0.8636363636363636,0.8636363636363636,0.8636363636363636,0.25,0.8,0.3333333333333333,0.4611111111111111,0.3125,0.41666666666666663,0.3645833333333333,0.44999999999999996,0.5333333333333332,0.4916666666666666,0.16666666666666666,0.4666666666666667,0.14285714285714285,0.2587301587301587,0.3571428571428571,0.3061224489795918,0.33163265306122447,0.7,0.6761904761904762,0.6880952380952381,0.6333333333333333,0.38461538461538464,0.8888888888888888,0.6262626262626263,0.29012942659282964,1.6,1.6,1.15,0.4666666666666667,0.8
Feldman-LR,lambda=1.0,9,0.675,0.5555555555555556,0.7727272727272727,0.6641414141414141,0.33734954246999327,0.9019607843137255,0.8905723905723906,0.9616368286445013,0.7272727272727273,0.6086956521739131,0.8333333333333334,0.7231005709266579,1.1948051948051948,1.369047619047619,1.281926406926407,1.1185770750988142,1.2246376811594204,1.1716073781291172,1.0,0.5,1.0,0.8333333333333334,2.0,2.0,2.0,1.5,1.5,1.5,0.7,0.8571428571428571,0.8,0.7857142857142856,0.8166666666666667,0.9333333333333335,0.875,0.8428571428571429,0.942857142857143,0.8928571428571429,0.30000000000000004,0.1428571428571429,0.19999999999999996,0.2142857142857143,2.0999999999999996,1.3999999999999992,1.7499999999999996,1.157142857142857,1.057142857142857,1.107142857142857,0.0,0.5,0.0,0.16666666666666666,0.0,0.0,1.0,0.5,0.5,0.5,0.25,0.8888888888888888,0.5,0.5462962962962963,0.28125,0.5625,0.421875,0.36111111111111116,0.6111111111111112,0.48611111111111116,0.0,0.5714285714285714,0.0,0.19047619047619047,0.0,0.0,1.0,0.4285714285714286,0.4285714285714286,0.4285714285714286,0.6551724137931034,0.5294117647058824,0.8571428571428571,0.6813725490196079,0.36820021764969485,0.9292929292929293,1.0,0.9723320158102766,0.5714285714285714,0.8888888888888888
Feldman-DecisionTree,lambda=1.0,0,0.725,0.5652173913043478,0.9411764705882353,0.7531969309462916,0.5248390246530006,0.9333333333333332,0.9333333333333332,0.9761904761904762,0.8333333333333334,0.6785714285714286,0.8333333333333334,0.7817460317460317,1.2280701754385965,1.2280701754385965,1.2280701754385965,1.1547619047619047,1.1547619047619047,1.1547619047619047,1.0,0.5263157894736842,0.6666666666666666,0.7309941520467835,1.9000000000000001,1.2666666666666666,1.5833333333333335,1.473684210526316,1.1403508771929824,1.3070175438596492,0.8,1.0,1.0,0.9333333333333332,0.8,1.0,0.9,0.8,1.0,0.9,0.19999999999999996,0.0,0.0,0.06666666666666665,0.0,1.0,0.5,1.2,1.0,1.1,0.0,0.4736842105263158,0.33333333333333337,0.2690058479532164,0.0,0.7037037037037037,0.35185185185185186,0.5263157894736842,0.8596491228070176,0.6929824561403508,0.5,1.0,1.0,0.8333333333333334,0.5,1.0,0.75,0.5,1.0,0.75,0.0,0.5,0.25,0.25,0.0,0.5,0.25,0.5,0.75,0.625,0.7058823529411765,0.55,1.0,0.7727272727272727,0.5454545454545455,0.9333333333333332,1.0,0.9761904761904762,0.5,1.0
Feldman-DecisionTree,lambda=1.0,1,0.8,0.9411764705882353,0.6956521739130435,0.8184143222506394,0.6368286445012787,0.9401709401709402,0.9307692307692308,0.9646464646464646,0.8,0.8636363636363636,0.625,0.7628787878787878,0.9263157894736842,0.7236842105263158,0.825,0.9363636363636364,0.7613636363636364,0.8488636363636364,1.0,0.9166666666666666,1.0,0.9722222222222222,1.090909090909091,1.090909090909091,1.090909090909091,1.0833333333333335,1.0833333333333335,1.0833333333333335,0.6666666666666666,0.8,0.5714285714285714,0.6793650793650793,0.8333333333333333,0.7142857142857142,0.7738095238095237,0.8666666666666666,0.7714285714285714,0.819047619047619,0.33333333333333337,0.19999999999999996,0.4285714285714286,0.32063492063492066,1.6666666666666672,2.1428571428571437,1.9047619047619055,1.1333333333333333,1.2285714285714286,1.180952380952381,0.0,0.08333333333333337,0.0,0.02777777777777779,0.0,0.0,1.0,0.9166666666666666,0.9166666666666666,0.9166666666666666,0.6666666666666666,0.8461538461538461,0.25,0.5876068376068376,0.7878787878787878,0.29545454545454547,0.5416666666666666,0.8205128205128205,0.40384615384615385,0.6121794871794872,0.0,0.1111111111111111,0.0,0.037037037037037035,0.0,0.0,1.0,0.8888888888888888,0.8888888888888888,0.8888888888888888,0.8636363636363636,0.9375,0.8,0.8583333333333334,0.7257965464099613,1.0153846153846153,1.0153846153846153,1.009090909090909,0.1111111111111111,0.8461538461538461
Feldman-DecisionTree,lambda=1.0,2,0.75,0.6086956521739131,0.9411764705882353,0.7749360613810742,0.5614802018328858,1.1838235294117647,1.1739583333333334,1.0639386189258313,0.8333333333333334,0.6956521739130435,0.8,0.7763285024154589,1.1979166666666667,1.1500000000000001,1.1739583333333334,1.13768115942029,1.1043478260869566,1.1210144927536234,0.8,0.5333333333333333,0.6666666666666666,0.6666666666666666,1.5,1.25,1.375,1.2666666666666666,1.1333333333333333,1.2,0.8571428571428571,1.0,1.0,0.9523809523809524,0.8571428571428571,1.0,0.9285714285714286,0.8571428571428571,1.0,0.9285714285714286,0.1428571428571429,0.0,0.0,0.04761904761904764,0.0,1.0,0.5,1.1428571428571428,1.0,1.0714285714285714,0.19999999999999996,0.4666666666666667,0.33333333333333337,0.3333333333333333,0.4285714285714285,0.7142857142857143,0.5714285714285714,0.7333333333333333,0.8666666666666667,0.8,0.8,1.0,1.0,0.9333333333333332,0.8,1.0,0.9,0.8,1.0,0.9,0.14285714285714285,0.4666666666666667,0.3333333333333333,0.3142857142857143,0.3061224489795918,0.7142857142857142,0.510204081632653,0.6761904761904762,0.8666666666666667,0.7714285714285715,0.7428571428571429,0.6,1.0,0.7777777777777778,0.5555555555555554,1.1979166666666667,1.1979166666666667,1.068840579710145,0.4666666666666667,1.0
Feldman-DecisionTree,lambda=1.0,3,0.85,0.8571428571428571,0.8421052631578947,0.849624060150376,0.699248120300752,0.6666666666666667,0.6696428571428572,0.8,0.875,0.84,0.8571428571428571,0.8573809523809524,1.0416666666666667,1.0204081632653061,1.0310374149659864,1.0350000000000001,1.0171428571428571,1.0260714285714285,0.75,0.8666666666666667,1.0,0.8722222222222222,0.8653846153846153,1.1538461538461537,1.0096153846153846,0.8833333333333333,1.1333333333333333,1.0083333333333333,1.0,0.8,0.8,0.8666666666666667,1.25,1.0,1.125,1.2,1.0,1.1,0.0,0.19999999999999996,0.19999999999999996,0.1333333333333333,0.0,1.0,0.5,0.8,1.0,0.9,0.25,0.1333333333333333,0.0,0.12777777777777777,1.8750000000000004,0.0,0.9375000000000002,1.1166666666666667,0.8666666666666667,0.9916666666666667,1.0,0.8666666666666667,0.6666666666666666,0.8444444444444444,1.1538461538461537,0.7692307692307692,0.9615384615384615,1.1333333333333333,0.7999999999999999,0.9666666666666666,0.2,0.2,0.0,0.13333333333333333,1.0,0.0,0.5,1.0,0.8,0.9,0.8484848484848485,0.8823529411764706,0.8571428571428571,0.849624060150376,0.6940491774014499,0.7142857142857143,1.0,0.8285714285714285,0.2,0.8888888888888888
Feldman-DecisionTree,lambda=1.0,4,0.85,0.7058823529411765,0.9565217391304348,0.8312020460358056,0.6991298210527999,0.8253968253968254,0.7944444444444445,0.9395604395604396,1.0,0.8076923076923077,0.75,0.8525641025641025,1.2380952380952381,0.9285714285714286,1.0833333333333335,1.1923076923076923,0.9423076923076923,1.0673076923076923,1.0,0.6428571428571429,0.0,0.5476190476190476,1.5555555555555554,0.0,0.7777777777777777,1.3571428571428572,0.3571428571428571,0.8571428571428572,1.0,1.0,1.0,1.0,1.0,1.0,1.0,1.0,1.0,1.0,0.0,0.0,0.0,1.0,1.0,1.0,1.0,1.0,1.0,1.0,0.0,0.3571428571428571,1.0,0.4523809523809524,0.0,2.8000000000000003,1.4000000000000001,0.6428571428571429,1.6428571428571428,1.1428571428571428,1.0,1.0,0.0,0.6666666666666666,1.0,0.0,0.5,1.0,0.0,0.5,0.0,0.29411764705882354,0.0,0.09803921568627451,0.0,0.0,1.0,0.7058823529411764,0.7058823529411764,0.7058823529411764,0.8611111111111112,0.7058823529411765,1.0,0.8529411764705883,0.7475450015964021,0.8666666666666667,1.0,0.9538461538461538,0.29411764705882354,1.0
Feldman-DecisionTree,lambda=1.0,5,0.8,0.8888888888888888,0.7272727272727273,0.8080808080808081,0.6161616161616161,0.9366515837104074,0.9337606837606839,0.9641943734015346,0.75,0.8695652173913043,0.6666666666666666,0.7620772946859903,0.8625,0.7666666666666666,0.8145833333333333,0.8804347826086957,0.7971014492753623,0.838768115942029,1.0,0.8571428571428571,1.0,0.9523809523809524,1.1666666666666667,1.1666666666666667,1.1666666666666667,1.1428571428571428,1.1428571428571428,1.1428571428571428,0.6666666666666666,0.8888888888888888,0.5714285714285714,0.7089947089947088,0.75,0.6428571428571429,0.6964285714285714,0.7777777777777778,0.6825396825396826,0.7301587301587302,0.33333333333333337,0.11111111111111116,0.4285714285714286,0.29100529100529104,2.999999999999999,3.857142857142856,3.4285714285714275,1.2222222222222223,1.3174603174603174,1.2698412698412698,0.0,0.1428571428571429,0.0,0.04761904761904764,0.0,0.0,1.0,0.8571428571428571,0.8571428571428571,0.8571428571428571,0.5,0.9230769230769231,0.4,0.6076923076923078,0.5416666666666666,0.43333333333333335,0.4875,0.5769230769230769,0.4769230769230769,0.5269230769230768,0.0,0.2,0.0,0.06666666666666667,0.0,0.0,1.0,0.8,0.8,0.8,0.8695652173913043,0.875,0.8888888888888888,0.873015873015873,0.7344646618036429,0.9829059829059831,1.0,0.9903381642512078,0.2,0.9230769230769231
Feldman-DecisionTree,lambda=1.0,6,0.8,0.7619047619047619,0.8421052631578947,0.8020050125313283,0.6040100250626567,0.9947368421052631,1.0022727272727274,0.9974937343358397,1.0,0.7619047619047619,0.7272727272727273,0.8297258297258298,1.3125,0.9545454545454546,1.1335227272727273,1.2380952380952381,0.9653679653679654,1.101731601731602,1.0,0.6666666666666666,1.0,0.8888888888888888,1.5,1.5,1.5,1.3333333333333335,1.3333333333333335,1.3333333333333335,1.0,1.0,0.6666666666666666,0.8888888888888888,1.0,0.6666666666666666,0.8333333333333333,1.0,0.6666666666666666,0.8333333333333333,0.0,0.0,0.33333333333333337,0.11111111111111112,1.0,0.0,0.5,1.0,1.3333333333333335,1.1666666666666667,0.0,0.33333333333333337,0.0,0.11111111111111112,0.0,0.0,1.0,0.6666666666666666,0.6666666666666666,0.6666666666666666,1.0,1.0,0.4,0.7999999999999999,1.0,0.4,0.7,1.0,0.4,0.7,0.0,0.45454545454545453,0.0,0.15151515151515152,0.0,0.0,1.0,0.5454545454545454,0.5454545454545454,0.5454545454545454,0.8275862068965517,0.7368421052631579,1.0,0.868421052631579,0.7008766440504625,1.05,1.05,1.0238095238095237,0.45454545454545453,1.0
Feldman-DecisionTree,lambda=1.0,7,0.65,0.7368421052631579,0.5714285714285714,0.6541353383458646,0.3114083725739611,1.0636363636363637,1.1228571428571428,1.0353535353535355,0.7333333333333333,0.5,0.8571428571428571,0.6968253968253969,1.4666666666666666,1.7142857142857142,1.5904761904761904,1.2333333333333334,1.3571428571428572,1.2952380952380953,1.0,0.5454545454545454,1.0,0.8484848484848485,1.8333333333333335,1.8333333333333335,1.8333333333333335,1.4545454545454546,1.4545454545454546,1.4545454545454546,0.6363636363636364,0.42857142857142855,0.6666666666666666,0.5772005772005772,1.4848484848484849,1.5555555555555556,1.5202020202020203,1.2077922077922079,1.2380952380952381,1.222943722943723,0.36363636363636365,0.5714285714285714,0.33333333333333337,0.4227994227994228,0.6363636363636365,0.5833333333333335,0.609848484848485,0.7922077922077922,0.761904761904762,0.7770562770562771,0.0,0.4545454545454546,0.0,0.15151515151515152,0.0,0.0,1.0,0.5454545454545454,0.5454545454545454,0.5454545454545454,0.5,0.6,0.8,0.6333333333333334,0.8333333333333334,1.3333333333333335,1.0833333333333335,0.9,1.2000000000000002,1.05,0.0,0.625,0.0,0.20833333333333334,0.0,0.0,1.0,0.375,0.375,0.375,0.6060606060606061,0.6666666666666666,0.5555555555555556,0.6111111111111112,0.2222222222222222,1.2857142857142856,1.2857142857142856,1.1587301587301586,0.625,0.6666666666666666
Feldman-DecisionTree,lambda=1.0,8,0.825,0.7333333333333333,0.88,0.8066666666666666,0.6225317562548818,1.0,1.0,1.0,0.9,0.8,0.8,0.8333333333333334,1.125,1.0,1.0625,1.1,1.0,1.05,1.0,0.6363636363636364,1.0,0.8787878787878788,1.5714285714285714,1.5714285714285714,1.5714285714285714,1.3636363636363638,1.3636363636363638,1.3636363636363638,0.875,1.0,0.75,0.875,0.875,0.75,0.8125,0.875,0.75,0.8125,0.125,0.0,0.25,0.125,0.0,0.0,1.0,1.125,1.25,1.1875,0.0,0.36363636363636365,0.0,0.12121212121212122,0.0,0.0,1.0,0.6363636363636364,0.6363636363636364,0.6363636363636364,0.6666666666666666,1.0,0.5,0.7222222222222222,0.6666666666666666,0.5,0.5833333333333333,0.6666666666666666,0.5,0.5833333333333333,0.0,0.3076923076923077,0.0,0.10256410256410257,0.0,0.0,1.0,0.6923076923076923,0.6923076923076923,0.6923076923076923,0.8333333333333334,0.6923076923076923,1.0,0.8181818181818181,0.665912091816292,1.142857142857143,1.142857142857143,1.05,0.3076923076923077,1.0
Feldman-DecisionTree,lambda=1.0,9,0.625,0.3333333333333333,0.8636363636363636,0.5984848484848485,0.234663156465349,1.0823529411764705,1.1848484848484848,1.0179028132992327,0.7272727272727273,0.5217391304347826,0.8333333333333334,0.6941150636802811,1.393939393939394,1.5972222222222223,1.4955808080808082,1.2055335968379448,1.3115942028985508,1.2585638998682478,0.0,0.3125,1.0,0.4375,0.0,3.2,1.6,0.6875,1.6875,1.1875,0.8,1.0,0.8,0.8666666666666667,0.8,0.8,0.8,0.8,0.8,0.8,0.19999999999999996,0.0,0.19999999999999996,0.1333333333333333,0.0,0.0,1.0,1.2,1.2,1.2,1.0,0.6875,0.0,0.5625,1.4545454545454546,0.0,0.7272727272727273,1.3125,0.3125,0.8125,0.0,1.0,0.5,0.5,0.0,0.5,0.25,0.0,0.5,0.25,0.1111111111111111,0.6111111111111112,0.0,0.24074074074074078,0.1818181818181818,0.0,0.0909090909090909,0.5,0.38888888888888884,0.4444444444444444,0.5882352941176471,0.35294117647058826,1.0,0.65625,0.34860834438919824,1.5333333333333332,1.5333333333333332,1.1159420289855073,0.6111111111111112,1.0
